status,src_field,src_type,bcv_field,bcv_type,size,usage:ETL,usage:SOS,usage:Insights,usage:Arena,usage:LQS,usage:CP,usage:AF,usage:Others,recommended_action
DIFF,request,varchar,,,,,,,,,,,,No Backfill - Low Usage
MATCHED,request__transaction_id,varchar,request__transaction_id,varchar,0.23,,,,,,,,,
MATCHED - TYPE DIFF,request__timestamp,timestamp(3),request__timestamp,timestamp(3) with time zone,0.05,,,,,,,,,
MATCHED,request__flags,bigint,request__flags,bigint,,,,,,,,,,
MATCHED,request__context,varchar,request__context,varchar,,,,,,,,,,
MATCHED,request__context__network_id,bigint,request__context__network_id,bigint,,,,,,,,,,
MATCHED,request__context__asset_id,bigint,request__context__asset_id,bigint,,,,,,,,,,
MATCHED,request__context__custom_asset_id,varchar,request__context__custom_asset_id,varchar,,,,,,,,,,
MATCHED,request__context__site_section_id,bigint,request__context__site_section_id,bigint,,,,,,,,,,
MATCHED,request__context__custom_site_section_id,varchar,request__context__custom_site_section_id,varchar,,,,,,,,,,
MATCHED,request__context__page_random,varchar,request__context__page_random,varchar,0.11,,,,,,,,,
MATCHED,request__context__video_random,varchar,request__context__video_random,varchar,0.11,,,,,,,,,
DIFF,request__context__custom_distributor_id,varchar,,,,,,,,,,,,No Backfill - Low Usage
DIFF,request__context__custom_distributor_category,varchar,,,,,,,,,,,,No Backfill - Low Usage
DIFF,request__context__custom_distributor_signature,varchar,,,,,,,,,,,,No Backfill - Low Usage
MATCHED,request__context__asset_duration,double,request__context__asset_duration,double,,,,,,,,,,
MATCHED,request__context__distributor_asset_id,varchar,request__context__distributor_asset_id,varchar,,,,,,,,,,
DIFF,request__context__uri,varchar,,,,,,,,,,,,No Backfill - Low Usage
MATCHED,request__context__request_duration,double,request__context__request_duration,double,,,,,,,,,,
MATCHED,request__context__time_position,double,request__context__time_position,double,,,,,,,,,,
MATCHED,request__context__profile_id,bigint,request__context__profile_id,bigint,,,,,,,,,,
MATCHED,request__context__video_slot_compatible_dimensions,varchar,request__context__video_slot_compatible_dimensions,varchar,,,,,,,,,,
DIFF,request__context__ux_network_id,bigint,,,,,,,,,,,,No Backfill - Low Usage
DIFF,request__context__ux_section_id,bigint,,,,,,,,,,,,No Backfill - Low Usage
DIFF,request__context__ux_conf_id,bigint,,,,,,,,,,,,No Backfill - Low Usage
MATCHED,request__context__explicit_candidates,varchar,request__context__explicit_candidates,varchar,,,,,,,,,,
MATCHED,request__context__airing_channel_id,bigint,request__context__airing_channel_id,bigint,,,,,,,,,,
MATCHED,request__context__profile_concrete_event_id,array(bigint),request__context__profile_concrete_event_id,array(bigint),,,,,,,,,,
MATCHED,request__context__request_format,integer,request__context__request_format,integer,,,,,,,,,,
MATCHED,request__context__response_format,integer,request__context__response_format,integer,,,,,,,,,,
MATCHED,request__context__custom_airing_id,varchar,request__context__custom_airing_id,varchar,,,,,,,,,,
MATCHED,request__context__custom_airing_break_id,varchar,request__context__custom_airing_break_id,varchar,,,,,,,,,,
MATCHED,request__context__custom_airing_channel_id,varchar,request__context__custom_airing_channel_id,varchar,,,,,,,,,,
MATCHED,request__context__ab_test_item,array(varchar),request__context__ab_test_item,array(varchar),,,,,,,,,,
MATCHED,request__context__ab_test_item__collection_id,array(integer),request__context__ab_test_item__collection_id,array(integer),0.06,,,,,,,,,
MATCHED,request__context__ab_test_item__bucket_id,array(integer),request__context__ab_test_item__bucket_id,array(integer),0.08,,,,,,,,,
DIFF,request__context__ab_test_item__is_effective,array(boolean),,,,,,,,,,,,No Backfill - Low Usage
DIFF,request__context__mvpd,varchar,,,,,,,,,,,,No Backfill - Low Usage
MATCHED,request__context__tv_network_id,bigint,request__context__tv_network_id,bigint,,,,,,,,,,
MATCHED,request__context__out_signal_id,varchar,request__context__out_signal_id,varchar,,,,,,,,,,
MATCHED,request__context__station_id,varchar,request__context__station_id,varchar,,,,,,,,,,
MATCHED,request__context__stream_id,varchar,request__context__stream_id,varchar,,,,,,,,,,
DIFF,request__context__ssto,varchar,,,,,,,,,,,,No Backfill - Low Usage
MATCHED,request__context__host_name,varchar,request__context__host_name,varchar,,,,,,,,,,
MATCHED,request__context__po_id,varchar,request__context__po_id,varchar,,,,,,,,,,
DIFF,request__context__request_trace_id,varchar,,,0.56,,,,,,,,,No Backfill - Low Usage
MATCHED,request__context__source_id,varchar,request__context__source_id,varchar,,,,,,,,,,
MATCHED,request__context__linear_break_source,integer,request__context__linear_break_source,integer,,,,,,,,,,
MATCHED,request__context__rbp_platform,varchar,request__context__rbp_platform,varchar,,,,,,,,,,
MATCHED,request__context__stream_mode_id,integer,request__context__stream_mode_id,integer,,,,,,,,,,
MATCHED,request__context__inventory_location_id,integer,request__context__inventory_location_id,integer,,,,,,,,,,
MATCHED,request__context__standard_brand_id,integer,request__context__standard_brand_id,integer,,,,,,,,,,
MATCHED,request__context__standard_channel_id,integer,request__context__standard_channel_id,integer,,,,,,,,,,
MATCHED,request__context__standard_genre_ids,array(integer),request__context__standard_genre_ids,array(integer),0.03,,,,,,,,,
MATCHED,request__context__content_form_id,integer,request__context__content_form_id,integer,,,,,,,,,,
MATCHED,request__context__content_rating_id,integer,request__context__content_rating_id,integer,,,,,,,,,,
MATCHED,request__context__standard_language_ids,array(integer),request__context__standard_language_ids,array(integer),,,,,,,,,,
MATCHED,request__context__ip_enabled_audience_id,integer,request__context__ip_enabled_audience_id,integer,,,,,,,,,,
MATCHED,request__context__standard_programmer_id,integer,request__context__standard_programmer_id,integer,,,,,,,,,,
MATCHED,request__context__standard_endpoint_owner_id,integer,request__context__standard_endpoint_owner_id,integer,,,,,,,,,,
MATCHED,request__context__standard_endpoint_id,integer,request__context__standard_endpoint_id,integer,,,,,,,,,,
DIFF,request__context__p2_handler_source,varchar,,,,,,,,,,,,No Backfill - Low Usage
DIFF,request__context__website_root_id,bigint,,,,,,,,,,,,No Backfill - Low Usage
MATCHED,request__context__po_type,varchar,request__context__po_type,varchar,,,,,,,,,,
DIFF,request__context__headend_inserter_id,varchar,,,,,,,,,,,,No Backfill - Low Usage
MATCHED,request__context__standard_content_daypart_id,integer,request__context__standard_content_daypart_id,integer,,,,,,,,,,
MATCHED,request__context__standard_content_series_id,integer,request__context__standard_content_series_id,integer,,,,,,,,,,
MATCHED,request__context__standard_publisher_id,bigint,request__context__standard_publisher_id,bigint,,,,,,,,,,
MATCHED,request__context__profile_trait,varchar,request__context__profile_trait,varchar,,,,,,,,,,
MATCHED,request__context__profile_trait__pre_selection_external_ad_timeout,integer,request__context__profile_trait__pre_selection_external_ad_timeout,integer,,,,,,,,,,
MATCHED,request__context__profile_trait__post_selection_external_ad_timeout,integer,request__context__profile_trait__post_selection_external_ad_timeout,integer,,,,,,,,,,
MATCHED,request__context__standard_app_id,bigint,request__context__standard_app_id,bigint,,,,,,,,,,
MATCHED,request__context__standard_site_domain_id,bigint,request__context__standard_site_domain_id,bigint,,,,,,,,,,
MATCHED,request__context__standard_content_subscription_model_id,bigint,request__context__standard_content_subscription_model_id,bigint,,,,,,,,,,
MATCHED,request__context__transcode_package_id,integer,request__context__transcode_package_id,integer,,,,,,,,,,
MATCHED,request__context__standard_ssp_channel_id,bigint,request__context__standard_ssp_channel_id,bigint,,,,,,,,,,
MATCHED,request__context__stream_mode_ids,array(integer),request__context__stream_mode_ids,array(integer),,,,,,,,,,
MATCHED,request__context__standard_content_credential_status_id,bigint,request__context__standard_content_credential_status_id,bigint,,,,,,,,,,
MATCHED,request__context__standard_iab_category_ids,array(bigint),request__context__standard_iab_category_ids,array(bigint),,,,,,,,,,
MATCHED,request__context__standard_content_territory_id,bigint,request__context__standard_content_territory_id,bigint,,,,,,,,,,
DIFF,request__context__casu_id,varchar,,,,,,,,,,,,No Backfill - Low Usage
MATCHED,request__context__standard_movie_rating_id,bigint,request__context__standard_movie_rating_id,bigint,,,,,,,,,,
MATCHED,request__context__standard_app_bundle_id,bigint,request__context__standard_app_bundle_id,bigint,,,,,,,,,,
MATCHED,request__context__standard_privacy_id,bigint,request__context__standard_privacy_id,bigint,,,,,,,,,,
MATCHED,request__context__standard_addressability_ids,array(bigint),request__context__standard_addressability_ids,array(bigint),,,,,,,,,,
MATCHED,request__context__standard_content_viewership_profile_ids,array(bigint),request__context__standard_content_viewership_profile_ids,array(bigint),,,,,,,,,,
MATCHED,request__context__standard_sport_entity_ids,array(bigint),request__context__standard_sport_entity_ids,array(bigint),,,,,,,,,,
MATCHED,request__context__video_cro_network_id,bigint,request__context__video_cro_network_id,bigint,,,,,,,,,,
MATCHED,request__context__video_cro_context_id,bigint,request__context__video_cro_context_id,bigint,,,,,,,,,,
DIFF,request__context__video_cro_context_group_id,bigint,,,,,,,,,,,,No Backfill - Low Usage
MATCHED,request__context__video_cro_asset_id,bigint,request__context__video_cro_asset_id,bigint,,,,,,,,,,
MATCHED,request__context__video_cro_site_id,bigint,request__context__video_cro_site_id,bigint,,,,,,,,,,
DIFF,request__context__video_cro_yield_optimization_ids,array(bigint),,,,,,,,,,,,No Backfill - Low Usage
DIFF,request__context__video_cro_pre_targeting_yield_optimization_ids,array(bigint),,,,,,,,,,,,No Backfill - Low Usage
MATCHED,request__context__video_cro_selected_yield_optimization_infos,array(varchar),request__context__video_cro_selected_yield_optimization_infos,array(varchar),,,,,,,,,,
MATCHED,request__context__video_cro_selected_yield_optimization_infos__sub_yo_id,array(bigint),request__context__video_cro_selected_yield_optimization_infos__sub_yo_id,array(bigint),,,,,,,,,,
MATCHED,request__context__video_cro_selected_yield_optimization_infos__nested_sub_yo_ids,array(array(bigint)),request__context__video_cro_selected_yield_optimization_infos__nested_sub_yo_ids,array(array(bigint)),,,,,,,,,,
DIFF,request__context__video_cro_selected_yield_optimization_infos__sub_yo_type,array(varchar),,,,,,,,,,,,No Backfill - Low Usage
MATCHED,request__context__video_cro_pre_targeting_yield_optimization_infos,array(varchar),request__context__video_cro_pre_targeting_yield_optimization_infos,array(varchar),,,,,,,,,,
MATCHED,request__context__video_cro_pre_targeting_yield_optimization_infos__sub_yo_id,array(bigint),request__context__video_cro_pre_targeting_yield_optimization_infos__sub_yo_id,array(bigint),,,,,,,,,,
MATCHED,request__context__video_cro_pre_targeting_yield_optimization_infos__nested_sub_yo_ids,array(array(bigint)),request__context__video_cro_pre_targeting_yield_optimization_infos__nested_sub_yo_ids,array(array(bigint)),,,,,,,,,,
DIFF,request__context__video_cro_pre_targeting_yield_optimization_infos__sub_yo_type,array(varchar),,,,,,,,,,,,No Backfill - Low Usage
MATCHED,request__context__site_section_cro_network_id,bigint,request__context__site_section_cro_network_id,bigint,,,,,,,,,,
MATCHED,request__context__site_section_cro_asset_id,bigint,request__context__site_section_cro_asset_id,bigint,,,,,,,,,,
DIFF,request__context__site_section_cro_asset_group_id,bigint,,,,,,,,,,,,No Backfill - Low Usage
MATCHED,request__context__site_section_cro_site_id,bigint,request__context__site_section_cro_site_id,bigint,,,,,,,,,,
DIFF,request__context__site_section_cro_parsed_site_section_id,bigint,,,,,,,,,,,,No Backfill - Low Usage
MATCHED,request__context__rbp_device_type,varchar,request__context__rbp_device_type,varchar,,,,,,,,,,
MATCHED,request__context__distributor_video_asset_id,bigint,request__context__distributor_video_asset_id,bigint,,,,,,,,,,
DIFF,request__context__distributor_video_asset_group_id,bigint,,,,,,,,,,,,No Backfill - Low Usage
MATCHED,request__context__distributor_site_section_id,bigint,request__context__distributor_site_section_id,bigint,,,,,,,,,,
MATCHED,request__context__distributor_site_section_group_id,bigint,request__context__distributor_site_section_group_id,bigint,,,,,,,,,,
MATCHED,request__context__profile_type,varchar,request__context__profile_type,varchar,,,,,,,,,,
DIFF,request__context__extracted_key_value,varchar,,,,,,,,,,,,No Backfill - Low Usage
DIFF,request__context__extracted_key_value___fw_dbp,varchar,,,,,,,,,,,,No Backfill - Low Usage
DIFF,request__context__extracted_key_value___fw_lto,varchar,,,,,,,,,,,,No Backfill - Low Usage
MATCHED,request__context__tv_network_group_ids,array(bigint),request__context__tv_network_group_ids,array(bigint),,,,,,,,,,
MATCHED,request__magnifier,integer,request__magnifier,integer,,,,,,,,,,
MATCHED,request__scores,array(varchar),request__scores,array(varchar),,,,,,,,,,
MATCHED,request__scores__network_id,array(bigint),request__scores__network_id,array(bigint),,,,,,,,,,
DIFF,request__scores__ad_id,array(bigint),,,,,,,,,,,,No Backfill - Low Usage
MATCHED,request__scores__flag,array(integer),request__scores__flag,array(integer),,,,,,,,,,
MATCHED,request__scores__score,array(bigint),request__scores__score,array(bigint),,,,,,,,,,
MATCHED,request__candidates,array(bigint),request__candidates,array(bigint),0.25,,,,,,,,,
MATCHED,request__networks,varchar,request__networks,varchar,,,,,,,,,,
MATCHED,request__cbp,varchar,request__cbp,varchar,,,,,,,,,,
DIFF,request__cbp__network_id,bigint,,,,,,,,,,,,No Backfill - Low Usage
MATCHED,request__cbp__slot_template_id,bigint,request__cbp__slot_template_id,bigint,,,,,,,,,,
DIFF,request__private_data_accessible_networks,array(bigint),,,,,,,,,,,,No Backfill - Low Usage
MATCHED,request__server_id,varchar,request__server_id,varchar,0.04,,,,,,,,,
DIFF,request__vod_session_id,varchar,,,,,,,,,,,,No Backfill - Low Usage
DIFF,request__identifier,varchar,,,,,,,,,,,,No Backfill - Low Usage
DIFF,request__identifier__source,varchar,,,0.78,,,,,,,,,No Backfill - Low Usage
DIFF,request__identifier__sequence,bigint,,,0.12,,,,,,,,,No Backfill - Low Usage
DIFF,request__process_timestamp,bigint,,,0.05,,,,,,,,,No Backfill - Low Usage
MATCHED,request__time_record,varchar,request__time_record,varchar,,,,,,,,,,
MATCHED,request__time_record__total,integer,request__time_record__total,integer,0.03,,,,,,,,,
DIFF,request__time_record__external_creative,integer,,,,,,,,,,,,No Backfill - Low Usage
DIFF,request__time_record__external_candidate,integer,,,,,,,,,,,,No Backfill - Low Usage
DIFF,request__time_record__external_playlist_notification,integer,,,,,,,,,,,,No Backfill - Low Usage
DIFF,request__time_record__external_sds,integer,,,,,,,,,,,,No Backfill - Low Usage
MATCHED,request__soft_guaranteed_ad,array(varchar),request__soft_guaranteed_ad,array(varchar),,,,,,,,,,
MATCHED,request__soft_guaranteed_ad__ad_id,array(bigint),request__soft_guaranteed_ad__ad_id,array(bigint),,,,,,,,,,
MATCHED,request__soft_guaranteed_ad__num_competing_ads,array(integer),request__soft_guaranteed_ad__num_competing_ads,array(integer),,,,,,,,,,
MATCHED,request__soft_guaranteed_ad__network_id,array(bigint),request__soft_guaranteed_ad__network_id,array(bigint),,,,,,,,,,
MATCHED,request__soft_guaranteed_ad__entity_type,array(varchar),request__soft_guaranteed_ad__entity_type,array(varchar),,,,,,,,,,
MATCHED,request__soft_guaranteed_ad__entity_id,array(bigint),request__soft_guaranteed_ad__entity_id,array(bigint),,,,,,,,,,
DIFF,request__phantom_candidate,array(varchar),,,,,,,,,,,,No Backfill - Low Usage
DIFF,request__phantom_candidate__ad_id,array(bigint),,,,,,,,,,,,No Backfill - Low Usage
DIFF,request__phantom_candidate__slot_custom_id,array(varchar),,,,,,,,,,,,No Backfill - Low Usage
DIFF,request__phantom_candidate__creative_id,array(bigint),,,,,,,,,,,,No Backfill - Low Usage
DIFF,request__phantom_candidate__rendition_id,array(bigint),,,,,,,,,,,,No Backfill - Low Usage
DIFF,request__phantom_candidate__position_in_slot,array(integer),,,,,,,,,,,,No Backfill - Low Usage
MATCHED,request__userdb_audience_user_info,varchar,request__userdb_audience_user_info,varchar,,,,,,,,,,
DIFF,request__userdb_audience_user_info__num_keys,integer,,,,,,,,,,,,No Backfill - Low Usage
DIFF,request__userdb_audience_user_info__dx_alias_growth_ratio,double,,,,,,,,,,,,No Backfill - Low Usage
MATCHED,request__userdb_audience_user_info__bg_alias_growth_ratio,double,request__userdb_audience_user_info__bg_alias_growth_ratio,double,,,,,,,,,,
DIFF,request__userdb_audience_user_info__num_dx_enriched_keys,integer,,,,,,,,,,,,No Backfill - Low Usage
DIFF,request__userdb_audience_user_info__num_dx_enriched_alias_ids,integer,,,,,,,,,,,,No Backfill - Low Usage
DIFF,request__userdb_audience_user_info__dx_query_key,array(varchar),,,,,,,,,,,,No Backfill - Low Usage
DIFF,request__userdb_audience_user_info__dx_query_key__set,array(varchar),,,,,,,,,,,,No Backfill - Low Usage
DIFF,request__userdb_audience_user_info__dx_query_key__key,array(varchar),,,,,,,,,,,,No Backfill - Low Usage
DIFF,request__userdb_audience_user_info__bg_query_key,array(varchar),,,,,,,,,,,,No Backfill - Low Usage
DIFF,request__userdb_audience_user_info__bg_query_key__set,array(varchar),,,,,,,,,,,,No Backfill - Low Usage
DIFF,request__userdb_audience_user_info__bg_query_key__key,array(varchar),,,,,,,,,,,,No Backfill - Low Usage
MATCHED,request__extra_flags,bigint,request__extra_flags,bigint,,,,,,,,,,
DIFF,request__network_data_visibility_config,array(varchar),,,,,,,,,,,,No Backfill - Low Usage
DIFF,request__network_data_visibility_config__network_id,array(bigint),,,,,,,,,,,,No Backfill - Low Usage
DIFF,request__network_data_visibility_config__visible_data_fields_mask,array(bigint),,,,,,,,,,,,No Backfill - Low Usage
DIFF,request__network_data_visibility_config__geo_visibility,array(varchar),,,,,,,,,,,,No Backfill - Low Usage
DIFF,request__network_data_visibility_config__user_agent_visibility,array(varchar),,,,,,,,,,,,No Backfill - Low Usage
DIFF,request__network_data_visibility_config__visitor_custom_id_visibility,array(varchar),,,,,,,,,,,,No Backfill - Low Usage
DIFF,request__network_data_visibility_config__key_value_visibility,array(varchar),,,,,,,,,,,,No Backfill - Low Usage
DIFF,request__network_data_visibility_config__device_id_visibility,array(varchar),,,,,,,,,,,,No Backfill - Low Usage
DIFF,request__network_data_visibility_config__ip_visibility,array(varchar),,,,,,,,,,,,No Backfill - Low Usage
DIFF,request__network_data_visibility_config__data_right,array(array(varchar)),,,,,,,,,,,,No Backfill - Low Usage
DIFF,request__network_data_visibility_config__data_right__field,array(array(varchar)),,,,,,,,,,,,No Backfill - Low Usage
DIFF,request__network_data_visibility_config__data_right__right,array(array(integer)),,,,,,,,,,,,No Backfill - Low Usage
MATCHED,request__kafka_msg_key,varchar,request__kafka_msg_key,varchar,0.65,,,,,,,,,
MATCHED,request__delivery_method,varchar,request__delivery_method,varchar,,,,,,,,,,
MATCHED,request__multiplier,integer,request__multiplier,integer,,,,,,,,,,
MATCHED,request__guaranteed_deal_avail,array(varchar),request__guaranteed_deal_avail,array(varchar),,,,,,,,,,
MATCHED,request__guaranteed_deal_avail__internal_deal_id,array(bigint),request__guaranteed_deal_avail__internal_deal_id,array(bigint),,,,,,,,,,
MATCHED,request__guaranteed_deal_avail__buyer_id,array(bigint),request__guaranteed_deal_avail__buyer_id,array(bigint),,,,,,,,,,
DIFF,request__gateway_source_filepath,varchar,,,,,,,,,,,,No Backfill - Low Usage
MATCHED,request__decision_info,varchar,request__decision_info,varchar,,,,,,,,,,
MATCHED,request__decision_info__flag1,integer,request__decision_info__flag1,integer,,,,,,,,,,
MATCHED,request__decision_info__flag2,integer,request__decision_info__flag2,integer,,,,,,,,,,
MATCHED,request__decision_info__value1,integer,request__decision_info__value1,integer,,,,,,,,,,
DIFF,request__decision_info__reject_ads,array(varchar),,,,,,,,,,,,No Backfill - Low Usage
DIFF,request__decision_info__reject_ads__ad_id,array(bigint),,,,,,,,,,,,No Backfill - Low Usage
DIFF,request__decision_info__reject_ads__ad_reason,array(integer),,,,,,,,,,,,No Backfill - Low Usage
DIFF,request__decision_info__reject_ads__slot_reason,array(integer),,,,,,,,,,,,No Backfill - Low Usage
MATCHED,request__decision_info__value2,integer,request__decision_info__value2,integer,,,,,,,,,,
MATCHED,request__decision_info__flag3,integer,request__decision_info__flag3,integer,,,,,,,,,,
MATCHED,request__decision_info__value3,bigint,request__decision_info__value3,bigint,0.04,,,,,,,,,
MATCHED,request__decision_info__value4,bigint,request__decision_info__value4,bigint,,,,,,,,,,
MATCHED,request__decision_info__value5,bigint,request__decision_info__value5,bigint,,,,,,,,,,
MATCHED,request__decision_info__value6,bigint,request__decision_info__value6,bigint,,,,,,,,,,
MATCHED,request__decision_info__external_bridge,array(varchar),request__decision_info__external_bridge,array(varchar),,,,,,,,,,
MATCHED,request__decision_info__external_bridge__slot_index,array(integer),request__decision_info__external_bridge__slot_index,array(integer),,,,,,,,,,
MATCHED,request__decision_info__external_bridge__status,array(integer),request__decision_info__external_bridge__status,array(integer),,,,,,,,,,
MATCHED,request__decision_info__value7,integer,request__decision_info__value7,integer,,,,,,,,,,
MATCHED,request__decision_info__flag4,integer,request__decision_info__flag4,integer,,,,,,,,,,
MATCHED,request__decision_info__value8,integer,request__decision_info__value8,integer,,,,,,,,,,
DIFF,request__decision_info__decision_log,varchar,,,,,,,,,,,,No Backfill - Low Usage
DIFF,request__decision_info__networks,array(bigint),,,,,,,,,,,,No Backfill - Low Usage
MATCHED,request__decision_info__value9,bigint,request__decision_info__value9,bigint,,,,,,,,,,
MATCHED,request__decision_info__value10,bigint,request__decision_info__value10,bigint,,,,,,,,,,
MATCHED,request__decision_info__value11,bigint,request__decision_info__value11,bigint,,,,,,,,,,
MATCHED,request__decision_info__value12,bigint,request__decision_info__value12,bigint,,,,,,,,,,
MATCHED,request__decision_info__value13,bigint,request__decision_info__value13,bigint,,,,,,,,,,
MATCHED,request__decision_info__value14,integer,request__decision_info__value14,integer,,,,,,,,,,
MATCHED,request__decision_info__inventory_protections,array(varchar),request__decision_info__inventory_protections,array(varchar),,,,,,,,,,
MATCHED,request__decision_info__inventory_protections__level,array(integer),request__decision_info__inventory_protections__level,array(integer),,,,,,,,,,
MATCHED,request__decision_info__inventory_protections__scope,array(integer),request__decision_info__inventory_protections__scope,array(integer),,,,,,,,,,
MATCHED,request__decision_info__inventory_protections__separation,array(integer),request__decision_info__inventory_protections__separation,array(integer),,,,,,,,,,
MATCHED,request__decision_info__value15,bigint,request__decision_info__value15,bigint,,,,,,,,,,
DIFF,request__scte_message_id,varchar,,,,,,,,,,,,No Backfill - Low Usage
MATCHED,request__mrc_compliance_label,array(varchar),request__mrc_compliance_label,array(varchar),,,,,,,,,,
MATCHED,request__dro_network_id,bigint,request__dro_network_id,bigint,,,,,,,,,,
DIFF,request__xdevice_killed_placement,array(bigint),,,,,,,,,,,,No Backfill - Low Usage
MATCHED,request__server_group,varchar,request__server_group,varchar,,,,,,,,,,
MATCHED,request__audience_flags,bigint,request__audience_flags,bigint,,,,,,,,,,
MATCHED,request__is_data_right_enabled,boolean,request__is_data_right_enabled,boolean,,,,,,,,,,
MATCHED,request__geo_data_provider_id,bigint,request__geo_data_provider_id,bigint,,,,,,,,,,
MATCHED,request__privacy_info,varchar,request__privacy_info,varchar,,,,,,,,,,
MATCHED,request__privacy_info__compliance_flag,integer,request__privacy_info__compliance_flag,integer,,,,,,,,,,
MATCHED,request__privacy_info__impacted_features_flag,integer,request__privacy_info__impacted_features_flag,integer,,,,,,,,,,
MATCHED,request__privacy_info__gdpr_flag,integer,request__privacy_info__gdpr_flag,integer,,,,,,,,,,
DIFF,request__privacy_info__gdpr_cmp_id,integer,,,,,,,,,,,,No Backfill - Low Usage
MATCHED,request__privacy_info__gpp,varchar,request__privacy_info__gpp,varchar,,,,,,,,,,
MATCHED,request__privacy_info__gpp__flag,integer,request__privacy_info__gpp__flag,integer,,,,,,,,,,
MATCHED,request__privacy_info__gpp__section,integer,request__privacy_info__gpp__section,integer,,,,,,,,,,
DIFF,request__gateway_ingested_supply_cost,double,,,,,,,,,,,,No Backfill - Low Usage
MATCHED,request__traffic_compliance,varchar,request__traffic_compliance,varchar,,,,,,,,,,
MATCHED,request__traffic_compliance__endpoint_id,integer,request__traffic_compliance__endpoint_id,integer,,,,,,,,,,
MATCHED,request__traffic_compliance__mrc_compliance_flag,integer,request__traffic_compliance__mrc_compliance_flag,integer,,,,,,,,,,
MATCHED,request__traffic_compliance__mrc_non_compliance_type,integer,request__traffic_compliance__mrc_non_compliance_type,integer,,,,,,,,,,
DIFF,request__traffic_compliance__endpoint_flag,integer,,,,,,,,,,,,No Backfill - Low Usage
DIFF,request__network_ctx,array(varchar),,,,,,,,,,,,No Backfill - Low Usage
DIFF,request__network_ctx__network_id,array(bigint),,,,,,,,,,,,No Backfill - Low Usage
DIFF,request__log_version,varchar,,,,,,,,,,,,No Backfill - Low Usage
DIFF,request__log_version__major_version,integer,,,,,,,,,,,,No Backfill - Low Usage
DIFF,request__log_version__major_release_version,integer,,,,,,,,,,,,No Backfill - Low Usage
DIFF,request__log_version__minor_release_version,integer,,,,,,,,,,,,No Backfill - Low Usage
DIFF,request__log_version__build,integer,,,,,,,,,,,,No Backfill - Low Usage
MATCHED,request__prebid_sivt,varchar,request__prebid_sivt,varchar,,,,,,,,,,
MATCHED,request__prebid_sivt__sivt_model,integer,request__prebid_sivt__sivt_model,integer,,,,,,,,,,
MATCHED,request__prebid_sivt__gateway_response,varchar,request__prebid_sivt__gateway_response,varchar,,,,,,,,,,
MATCHED,request__prebid_sivt__inhouse,varchar,request__prebid_sivt__inhouse,varchar,,,,,,,,,,
MATCHED,request__prebid_sivt__inhouse__traffic_valid,boolean,request__prebid_sivt__inhouse__traffic_valid,boolean,,,,,,,,,,
MATCHED,request__prebid_sivt__inhouse__invalid_reason,integer,request__prebid_sivt__inhouse__invalid_reason,integer,,,,,,,,,,
MATCHED,request__prebid_sivt__inhouse__is_whitelisted,boolean,request__prebid_sivt__inhouse__is_whitelisted,boolean,,,,,,,,,,
MATCHED,request__prebid_sivt__whiteops,varchar,request__prebid_sivt__whiteops,varchar,,,,,,,,,,
MATCHED,request__prebid_sivt__whiteops__traffic_valid,boolean,request__prebid_sivt__whiteops__traffic_valid,boolean,,,,,,,,,,
MATCHED,request__prebid_sivt__whiteops__invalid_reason,integer,request__prebid_sivt__whiteops__invalid_reason,integer,,,,,,,,,,
MATCHED,request__prebid_sivt__whiteops__lookup_id,varchar,request__prebid_sivt__whiteops__lookup_id,varchar,0.57,,,,,,,,,
MATCHED,request__prebid_sivt__capnedit,varchar,request__prebid_sivt__capnedit,varchar,,,,,,,,,,
MATCHED,request__prebid_sivt__capnedit__traffic_valid,boolean,request__prebid_sivt__capnedit__traffic_valid,boolean,,,,,,,,,,
MATCHED,request__prebid_sivt__capnedit__invalid_reason,integer,request__prebid_sivt__capnedit__invalid_reason,integer,,,,,,,,,,
MATCHED,request__linear_capnedit,array(varchar),request__linear_capnedit,array(varchar),,,,,,,,,,
MATCHED,request__linear_capnedit__device_id,array(varchar),request__linear_capnedit__device_id,array(varchar),,,,,,,,,,
MATCHED,request__linear_capnedit__active_state,array(boolean),request__linear_capnedit__active_state,array(boolean),,,,,,,,,,
MATCHED,request__linear_capnedit__tune_time,array(bigint),request__linear_capnedit__tune_time,array(bigint),,,,,,,,,,
MATCHED,request__linear_capnedit__last_activity_time,array(bigint),request__linear_capnedit__last_activity_time,array(bigint),,,,,,,,,,
MATCHED,request__linear_capnedit__is_dvr,array(boolean),request__linear_capnedit__is_dvr,array(boolean),,,,,,,,,,
MATCHED,request__linear_capnedit__mode,array(varchar),request__linear_capnedit__mode,array(varchar),,,,,,,,,,
MATCHED,request__kafka_msg_size,integer,request__kafka_msg_size,integer,0.06,,,,,,,,,
MATCHED,request__extra_flags2,integer,request__extra_flags2,integer,,,,,,,,,,
MATCHED,request__log_sampling,varchar,request__log_sampling,varchar,,,,,,,,,,
MATCHED,request__log_sampling__magnifier,integer,request__log_sampling__magnifier,integer,,,,,,,,,,
MATCHED,request__log_sampling__mode,varchar,request__log_sampling__mode,varchar,,,,,,,,,,
MATCHED,request__server_pool,varchar,request__server_pool,varchar,,,,,,,,,,
MATCHED,request__yield_optimization_ids,array(varchar),request__yield_optimization_ids,array(varchar),,,,,,,,,,
MATCHED,request__yield_optimization_ids__demand_type,array(varchar),request__yield_optimization_ids__demand_type,array(varchar),,,,,,,,,,
MATCHED,request__yield_optimization_ids__demand_id,array(bigint),request__yield_optimization_ids__demand_id,array(bigint),,,,,,,,,,
MATCHED,request__yield_optimization_ids__optimization_ids,array(array(bigint)),request__yield_optimization_ids__optimization_ids,array(array(bigint)),,,,,,,,,,
MATCHED,request__request_prefilter,varchar,request__request_prefilter,varchar,,,,,,,,,,
MATCHED,request__request_prefilter__flag,integer,request__request_prefilter__flag,integer,,,,,,,,,,
MATCHED,request__simulated_tiemstamp,bigint,request__simulated_tiemstamp,bigint,,,,,,,,,,
DIFF,request__extra_geo_info,varchar,,,,,,,,,,,,No Backfill - Low Usage
DIFF,request__extra_geo_info__descriptions,array(varchar),,,,,,,,,,,,No Backfill - Low Usage
DIFF,request__extra_geo_info__ids,array(integer),,,,,,,,,,,,No Backfill - Low Usage
DIFF,request__extra_geo_info__is_pulse,boolean,,,,,,,,,,,,No Backfill - Low Usage
DIFF,request__extra_geo_info__edge_networks,array(bigint),,,,,,,,,,,,No Backfill - Low Usage
MATCHED,request__request_throttling_info,varchar,request__request_throttling_info,varchar,,,,,,,,,,
MATCHED,request__request_throttling_info__flags,bigint,request__request_throttling_info__flags,bigint,,,,,,,,,,
MATCHED,request__request_throttling_info__exempt_thousandth,integer,request__request_throttling_info__exempt_thousandth,integer,,,,,,,,,,
DIFF,request__request_throttling_info__model_info,array(varchar),,,,,,,,,,,,No Backfill - Low Usage
DIFF,request__request_throttling_info__model_info__model_id,array(integer),,,,,,,,,,,,No Backfill - Low Usage
DIFF,request__request_throttling_info__model_info__model_flags,array(bigint),,,,,,,,,,,,No Backfill - Low Usage
MATCHED,request__request_throttling_info__level,varchar,request__request_throttling_info__level,varchar,,,,,,,,,,
MATCHED,request__demand_log_magnifier,integer,request__demand_log_magnifier,integer,,,,,,,,,,
DIFF,request__experiment_platform,varchar,,,,,,,,,,,,No Backfill - Low Usage
DIFF,request__experiment_platform__experiment,array(varchar),,,,,,,,,,,,No Backfill - Low Usage
DIFF,request__experiment_platform__experiment__domain_id,array(integer),,,,,,,,,,,,No Backfill - Low Usage
DIFF,request__experiment_platform__experiment__layer_id,array(integer),,,,,,,,,,,,No Backfill - Low Usage
DIFF,request__experiment_platform__experiment__experiment_id,array(integer),,,,,,,,,,,,No Backfill - Low Usage
DIFF,request__experiment_platform__experiment__partition_index,array(integer),,,,,,,,,,,,No Backfill - Low Usage
DIFF,request__experiment_platform__experiment__parameter,array(array(varchar)),,,,,,,,,,,,No Backfill - Low Usage
DIFF,request__experiment_platform__experiment__parameter__id,array(array(integer)),,,,,,,,,,,,No Backfill - Low Usage
DIFF,request__experiment_platform__experiment__parameter__value,array(array(varchar)),,,,,,,,,,,,No Backfill - Low Usage
DIFF,request__experiment_platform__experiment__flags,array(bigint),,,,,,,,,,,,No Backfill - Low Usage
DIFF,request__experiment_platform__experiment__index_id,array(integer),,,,,,,,,,,,No Backfill - Low Usage
MATCHED,request__mpe_matcher_filters,array(varchar),request__mpe_matcher_filters,array(varchar),,,,,,,,,,
MATCHED,request__mpe_matcher_filters__id,array(integer),request__mpe_matcher_filters__id,array(integer),,,,,,,,,,
MATCHED,request__mpe_matcher_filters__bucket_id,array(bigint),request__mpe_matcher_filters__bucket_id,array(bigint),,,,,,,,,,
MATCHED,request__mpe_matcher_filters__weight,array(integer),request__mpe_matcher_filters__weight,array(integer),,,,,,,,,,
MATCHED,request__extra_flags3,integer,request__extra_flags3,integer,,,,,,,,,,
DIFF,request__is_all_data_visibility,boolean,,,,,,,,,,,,No Backfill - Low Usage
MATCHED,request__is_no_selection,boolean,request__is_no_selection,boolean,,,,,,,,,,
MATCHED,request__is_filtered,boolean,request__is_filtered,boolean,,,,,,,,,,
MATCHED,request__is_first_user_visitor,boolean,request__is_first_user_visitor,boolean,,,,,,,,,,
MATCHED,request__is_ssp_bidder_request,boolean,request__is_ssp_bidder_request,boolean,,,,,,,,,,
MATCHED,request__traffic_type,bigint,request__traffic_type,bigint,,,,,,,,,,
MATCHED,request__bit_flags,bigint,request__bit_flags,bigint,,,,,,,,,,
MATCHED,request__backend_filtration_reason,bigint,request__backend_filtration_reason,bigint,,,,,,,,,,
MATCHED,request__advertisement_count,integer,request__advertisement_count,integer,,,,,,,,,,
MATCHED,request__advertisement_delivered_count,integer,request__advertisement_delivered_count,integer,,,,,,,,,,
MATCHED,request__hashed_key_value,varchar,request__hashed_key_value,varchar,0.53,,,,,,,,,
DIFF,request__client_facing_reason_code,array(varchar),,,,Y,,,,,,,,Backfill
MATCHED,request__bid_request,varchar,request__bid_request,varchar,,,,,,,,,,
MATCHED,request__bid_request__publisher_id,varchar,request__bid_request__publisher_id,varchar,,,,,,,,,,
DIFF,request__bid_request__site_page_hash,integer,,,,,,,,,,,,No Backfill - Low Usage
DIFF,request__bid_request__site_domain,varchar,,,,,,,,,,,,No Backfill - Low Usage
MATCHED,request__bid_request__app_id,varchar,request__bid_request__app_id,varchar,,,,,,,,,,
MATCHED,request__bid_request__app_name,varchar,request__bid_request__app_name,varchar,,,,,,,,,,
MATCHED,request__bid_request__app_bundle,varchar,request__bid_request__app_bundle,varchar,,,,,,,,,,
MATCHED,request__bid_request__auction_type,varchar,request__bid_request__auction_type,varchar,,,,,,,,,,
MATCHED,request__bid_request__inventory_source,integer,request__bid_request__inventory_source,integer,,,,,,,,,,
MATCHED,request__bid_request__impression,array(varchar),request__bid_request__impression,array(varchar),,,,,,,,,,
MATCHED,request__bid_request__impression__private_auction,array(boolean),request__bid_request__impression__private_auction,array(boolean),,,,,,,,,,
MATCHED,request__bid_request__impression__floor,array(real),request__bid_request__impression__floor,array(real),,,,,,,,,,
DIFF,request__bid_request__impression__currency,array(varchar),,,,,,,,,,,,No Backfill - Low Usage
MATCHED,request__bid_request__impression__deal,array(array(varchar)),request__bid_request__impression__deal,array(array(varchar)),,,,,,,,,,
MATCHED,request__bid_request__impression__deal__public_id,array(array(varchar)),request__bid_request__impression__deal__public_id,array(array(varchar)),,,,,,,,,,
DIFF,request__bid_request__impression__deal__floor,array(array(real)),,,,,,,,,,,,No Backfill - Low Usage
DIFF,request__bid_request__impression__deal__currency,array(array(varchar)),,,,,,,,,,,,No Backfill - Low Usage
DIFF,request__bid_request__impression__deal__auction_type,array(array(varchar)),,,,,,,,,,,,No Backfill - Low Usage
DIFF,request__ifa_type,varchar,,,,,,,,,,,,No Backfill - Low Usage
MATCHED,request__privacy_jurisdiction_ids,array(integer),request__privacy_jurisdiction_ids,array(integer),,,,,,,,,,
MATCHED,request__privacy_choice_ids,array(integer),request__privacy_choice_ids,array(integer),,,,,,,,,,
MATCHED,request__global_currency_version,varchar,request__global_currency_version,varchar,,,,,,,,,,
MATCHED,request__client_facing_ivt_reason_flag,bigint,request__client_facing_ivt_reason_flag,bigint,,,,,,,,,,
MATCHED,visitor,varchar,visitor,varchar,,,,,,,,,,
MATCHED,visitor__user_id,varchar,visitor__user_id,varchar,0.43,,,,,,,,,
MATCHED,visitor__custom_user_id,varchar,visitor__custom_user_id,varchar,,,,,,,,,,
MATCHED,visitor__address,varchar,visitor__address,varchar,0.22,,,,,,,,,
MATCHED,visitor__peer_address,varchar,visitor__peer_address,varchar,0.04,,,,,,,,,
MATCHED,visitor__referrer,varchar,visitor__referrer,varchar,,,,,,,,,,
MATCHED,visitor__user_agent,varchar,visitor__user_agent,varchar,0.05,,,,,,,,,
MATCHED,visitor__timezone,varchar,visitor__timezone,varchar,,,,,,,,,,
MATCHED,visitor__timezone_offset,integer,visitor__timezone_offset,integer,,,,,,,,,,
MATCHED,visitor__country,varchar,visitor__country,varchar,,,,,,,,,,
MATCHED,visitor__country_id,integer,visitor__country_id,integer,,,,,,,,,,
MATCHED,visitor__state,varchar,visitor__state,varchar,,,,,,,,,,
MATCHED,visitor__state_id,integer,visitor__state_id,integer,,,,,,,,,,
MATCHED,visitor__dma_code,integer,visitor__dma_code,integer,,,,,,,,,,
MATCHED,visitor__referrer_banning_rule_id,bigint,visitor__referrer_banning_rule_id,bigint,,,,,,,,,,
MATCHED,visitor__caller,varchar,visitor__caller,varchar,,,,,,,,,,
MATCHED,visitor__flash_version,varchar,visitor__flash_version,varchar,,,,,,,,,,
DIFF,visitor__session_id,varchar,,,0.29,,,,,,,,,No Backfill - Low Usage
MATCHED,visitor__filtration_reason,integer,visitor__filtration_reason,integer,,,,,,,,,,
MATCHED,visitor__internal_address,varchar,visitor__internal_address,varchar,0.11,,,,,,,,,
MATCHED,visitor__accept_language,varchar,visitor__accept_language,varchar,,,,,,,,,,
MATCHED,visitor__tracked_term,array(bigint),visitor__tracked_term,array(bigint),0.07,,,,,,,,,
MATCHED,visitor__city,varchar,visitor__city,varchar,0.06,,,,,,,,,
MATCHED,visitor__city_id,integer,visitor__city_id,integer,0.06,,,,,,,,,
DIFF,visitor__user_group,array(integer),,,,,,,,,,,,No Backfill - Low Usage
MATCHED,visitor__parsed_user_agent,varchar,visitor__parsed_user_agent,varchar,,,,,,,,,,
DIFF,visitor__user_agent_device_id,bigint,,,,,,,,,,,,No Backfill - Low Usage
MATCHED,visitor__postal_code,varchar,visitor__postal_code,varchar,0.07,,,,,,,,,
MATCHED,visitor__operator_zone_id,bigint,visitor__operator_zone_id,bigint,,,,,,,,,,
MATCHED,visitor__internal_user_id,varchar,visitor__internal_user_id,varchar,,,,,,,,,,
MATCHED,visitor__cookie_user_id,varchar,visitor__cookie_user_id,varchar,,,,,,,,,,
MATCHED,visitor__isp,varchar,visitor__isp,varchar,0.03,,,,,,,,,
MATCHED,visitor__isp_id,integer,visitor__isp_id,integer,,,,,,,,,,
MATCHED,visitor__dma_code_id,integer,visitor__dma_code_id,integer,,,,,,,,,,
MATCHED,visitor__postal_code_id,array(integer),visitor__postal_code_id,array(integer),0.06,,,,,,,,,
MATCHED,visitor__postal_code_package,array(varchar),visitor__postal_code_package,array(varchar),,,,,,,,,,
MATCHED,visitor__postal_code_package__network_id,array(integer),visitor__postal_code_package__network_id,array(integer),,,,,,,,,,
MATCHED,visitor__postal_code_package__postal_code_package_id,array(array(integer)),visitor__postal_code_package__postal_code_package_id,array(array(integer)),0.35,,,,,,,,,
MATCHED,visitor__platform_group,varchar,visitor__platform_group,varchar,,,,,,,,,,
MATCHED,visitor__platform_browser_id,bigint,visitor__platform_browser_id,bigint,,,,,,,,,,
MATCHED,visitor__platform_os_id,bigint,visitor__platform_os_id,bigint,,,,,,,,,,
MATCHED,visitor__platform_device_id,bigint,visitor__platform_device_id,bigint,,,,,,,,,,
MATCHED,visitor__syscode,bigint,visitor__syscode,bigint,,,,,,,,,,
MATCHED,visitor__household_id,varchar,visitor__household_id,varchar,,,,,,,,,,
MATCHED,visitor__server_side_user_id,varchar,visitor__server_side_user_id,varchar,0.25,,,,,,,,,
MATCHED,visitor__user_segments_lookup_key,array(varchar),visitor__user_segments_lookup_key,array(varchar),1.06,,,,,,,,,
MATCHED,visitor__device_type,varchar,visitor__device_type,varchar,,,,,,,,,,
MATCHED,visitor__device_id,varchar,visitor__device_id,varchar,0.53,,,,,,,,,
MATCHED,visitor__user_agent_device_type,varchar,visitor__user_agent_device_type,varchar,,,,,,,,,,
MATCHED,visitor__active_state,boolean,visitor__active_state,boolean,,,,,,,,,,
MATCHED,visitor__app_bundle_id,varchar,visitor__app_bundle_id,varchar,,,,,,,,,,
MATCHED,visitor__standard_device_type_ids,array(integer),visitor__standard_device_type_ids,array(integer),,,,,,,,,,
MATCHED,visitor__standard_environment_id,integer,visitor__standard_environment_id,integer,,,,,,,,,,
MATCHED,visitor__standard_os_id,integer,visitor__standard_os_id,integer,,,,,,,,,,
MATCHED,visitor__xfinity_idfa,varchar,visitor__xfinity_idfa,varchar,,,,,,,,,,
MATCHED,visitor__universal_hhid,varchar,visitor__universal_hhid,varchar,0.1,,,,,,,,,
MATCHED,visitor__universal_iids,array(varchar),visitor__universal_iids,array(varchar),0.11,,,,,,,,,
MATCHED,visitor__programmer_individual_id,varchar,visitor__programmer_individual_id,varchar,,,,,,,,,,
MATCHED,visitor__identity_user_ids,array(varchar),visitor__identity_user_ids,array(varchar),,,,,,,,,,
MATCHED,visitor__identity_user_ids__namespace_id,array(integer),visitor__identity_user_ids__namespace_id,array(integer),,,,,,,,,,
MATCHED,visitor__identity_user_ids__id,array(varchar),visitor__identity_user_ids__id,array(varchar),0.87,,,,,,,,,
MATCHED,visitor__identity_user_ids__authorized_network_id,array(array(bigint)),visitor__identity_user_ids__authorized_network_id,array(array(bigint)),,,,,,,,,,
MATCHED,visitor__flags,integer,visitor__flags,integer,,,,,,,,,,
DIFF,visitor__ortb_fields_from_ua,varchar,,,,,,,,,,,,No Backfill - Low Usage
MATCHED,visitor__standard_operator_id,bigint,visitor__standard_operator_id,bigint,,,,,,,,,,
MATCHED,visitor__standard_retailer_id,bigint,visitor__standard_retailer_id,bigint,,,,,,,,,,
MATCHED,visitor__standard_manufacturer_id,bigint,visitor__standard_manufacturer_id,bigint,,,,,,,,,,
DIFF,visitor__original_ip_address,varchar,,,,,,,,,,,,No Backfill - Low Usage
MATCHED,visitor__tracked_audience_item_ids,array(bigint),visitor__tracked_audience_item_ids,array(bigint),0.07,,,,,,,,,
MATCHED,visitor__standard_device_type_child_id,integer,visitor__standard_device_type_child_id,integer,,,,,,,,,,
MATCHED,visitor__private_universal_hhid,varchar,visitor__private_universal_hhid,varchar,,,,,,,,,,
MATCHED,visitor__private_universal_hhid__id,varchar,visitor__private_universal_hhid__id,varchar,,,,,,,,,,
MATCHED,visitor__private_universal_hhid__authorized_network_ids,array(bigint),visitor__private_universal_hhid__authorized_network_ids,array(bigint),,,,,,,,,,
MATCHED,visitor__private_universal_iid,varchar,visitor__private_universal_iid,varchar,,,,,,,,,,
MATCHED,visitor__private_universal_iid__id,varchar,visitor__private_universal_iid__id,varchar,,,,,,,,,,
MATCHED,visitor__private_universal_iid__authorized_network_ids,array(bigint),visitor__private_universal_iid__authorized_network_ids,array(bigint),,,,,,,,,,
DIFF,inventory,varchar,,,,,,,,,,,,No Backfill - Low Usage
MATCHED,inventory__asset_chain,array(varchar),inventory__asset_chain,array(varchar),,,,,,,,,,
MATCHED,inventory__asset_chain__network_id,array(bigint),inventory__asset_chain__network_id,array(bigint),,,,,,,,,,
MATCHED,inventory__asset_chain__role,array(varchar),inventory__asset_chain__role,array(varchar),,,,,,,,,,
MATCHED,inventory__asset_chain__entity_source,array(varchar),inventory__asset_chain__entity_source,array(varchar),,,,,,,,,,
DIFF,inventory__asset_chain__flags,array(bigint),,,,,,,,,,,,No Backfill - Low Usage
MATCHED,inventory__asset_chain__bit_flags,array(bigint),inventory__asset_chain__bit_flags,array(bigint),,,,,,,,,,
MATCHED,inventory__asset_chain__content_owner_network_id,array(bigint),inventory__asset_chain__content_owner_network_id,array(bigint),,,,,,,,,,
MATCHED,inventory__asset_chain__distributor_network_id,array(bigint),inventory__asset_chain__distributor_network_id,array(bigint),,,,,,,,,,
DIFF,inventory__asset_chain__reseller_network_id,array(bigint),,,,Y,,,,,,,,Backfill
DIFF,inventory__asset_chain__revenue,array(double),,,,,,,,,,,,No Backfill - Low Usage
DIFF,inventory__asset_chain__content_owner_revenue,array(double),,,,,,,,,,,,No Backfill - Low Usage
DIFF,inventory__asset_chain__distributor_revenue,array(double),,,,,,,,,,,,No Backfill - Low Usage
DIFF,inventory__asset_chain__reseller_revenue,array(double),,,,,,,,,,,,No Backfill - Low Usage
DIFF,inventory__asset_chain__bidding_revenue,array(double),,,,,,,,,,,,No Backfill - Low Usage
DIFF,inventory__asset_chain__bidding_up_revenue,array(double),,,,,,,,,,,,No Backfill - Low Usage
DIFF,inventory__asset_chain__content_owner_bidding_revenue,array(double),,,,,,,,,,,,No Backfill - Low Usage
DIFF,inventory__asset_chain__content_owner_bidding_modified_revenue,array(double),,,,,,,,,,,,No Backfill - Low Usage
DIFF,inventory__asset_chain__content_owner_bidding_original_revenue,array(double),,,,,,,,,,,,No Backfill - Low Usage
DIFF,inventory__asset_chain__distributor_bidding_revenue,array(double),,,,,,,,,,,,No Backfill - Low Usage
DIFF,inventory__asset_chain__reseller_bidding_revenue,array(double),,,,,,,,,,,,No Backfill - Low Usage
DIFF,inventory__asset_chain__ssp_clearing_revenue,array(double),,,,,,,,,,,,No Backfill - Low Usage
DIFF,inventory__asset_chain__margin,array(double),,,,,,,,,,,,No Backfill - Low Usage
DIFF,inventory__asset_chain__competition_resellers,array(integer),,,,,,,,,,,,No Backfill - Low Usage
DIFF,inventory__asset_chain__rule_id,array(bigint),,,,,,,,,,,,No Backfill - Low Usage
DIFF,inventory__asset_chain__rule_ext_id,array(bigint),,,,,,,,,,,,No Backfill - Low Usage
DIFF,inventory__asset_chain__rule_flags,array(bigint),,,,,,,,,,,,No Backfill - Low Usage
DIFF,inventory__asset_chain__rule_type_priority,array(varchar),,,,,,,,,,,,No Backfill - Low Usage
DIFF,inventory__asset_chain__unified_rule_priority,array(varchar),,,,,,,,,,,,No Backfill - Low Usage
DIFF,inventory__asset_chain__unified_rule_priority__priority_tier,array(varchar),,,,,,,,,,,,No Backfill - Low Usage
DIFF,inventory__asset_chain__unified_rule_priority__sub_priority_value,array(integer),,,,,,,,,,,,No Backfill - Low Usage
MATCHED,inventory__asset_chain__asset_id,array(bigint),inventory__asset_chain__asset_id,array(bigint),,,,,,,,,,
MATCHED,inventory__asset_chain__site_section_id,array(bigint),inventory__asset_chain__site_section_id,array(bigint),,,,,,,,,,
MATCHED,inventory__asset_chain__series_id,array(bigint),inventory__asset_chain__series_id,array(bigint),,,,,,,,,,
MATCHED,inventory__asset_chain__site_id,array(bigint),inventory__asset_chain__site_id,array(bigint),,,,,,,,,,
MATCHED,inventory__asset_chain__asset_group_id,array(bigint),inventory__asset_chain__asset_group_id,array(bigint),,,,,,,,,,
DIFF,inventory__asset_chain__site_group_id,array(bigint),,,,,,,,,,,,No Backfill - Low Usage
MATCHED,inventory__asset_chain__asset_group_ids,array(array(bigint)),inventory__asset_chain__asset_group_ids,array(array(bigint)),0.07,,,,,,,,,
MATCHED,inventory__asset_chain__site_section_group_ids,array(array(bigint)),inventory__asset_chain__site_section_group_ids,array(array(bigint)),,,,,,,,,,
DIFF,inventory__asset_chain__airing_channel_group_id,array(array(bigint)),,,,,,,,,,,,No Backfill - Low Usage
MATCHED,inventory__asset_chain__airing_channel_id,array(bigint),inventory__asset_chain__airing_channel_id,array(bigint),,,,,,,,,,
MATCHED,inventory__asset_chain__airing_id,array(bigint),inventory__asset_chain__airing_id,array(bigint),,,,,,,,,,
MATCHED,inventory__asset_chain__break_id,array(bigint),inventory__asset_chain__break_id,array(bigint),,,,,,,,,,
MATCHED,inventory__asset_chain__opportunity_id,array(bigint),inventory__asset_chain__opportunity_id,array(bigint),,,,,,,,,,
MATCHED,inventory__asset_chain__scenario_id,array(bigint),inventory__asset_chain__scenario_id,array(bigint),,,,,,,,,,
MATCHED,inventory__asset_chain__postal_code_package_id,array(array(integer)),inventory__asset_chain__postal_code_package_id,array(array(integer)),,,,,,,,,,
DIFF,inventory__asset_chain__edge_postal_code_package_ids,array(array(integer)),,,,,,,,,,,,No Backfill - Low Usage
DIFF,inventory__asset_chain__inbound_rule_id,array(bigint),,,,,,,,,,,,No Backfill - Low Usage
DIFF,inventory__asset_chain__listing_id,array(array(bigint)),,,,,,,,,,,,No Backfill - Low Usage
DIFF,inventory__asset_chain__inbound_listing_id,array(array(bigint)),,,,,,,,,,,,No Backfill - Low Usage
DIFF,inventory__asset_chain__inbound_order_id,array(bigint),,,,,,,,,,,,No Backfill - Low Usage
DIFF,inventory__asset_chain__inbound_order_type,array(varchar),,,,,,,,,,,,No Backfill - Low Usage
DIFF,inventory__asset_chain__inbound_order_auction_type,array(varchar),,,,,,,,,,,,No Backfill - Low Usage
DIFF,inventory__asset_chain__inbound_order_transaction_type,array(varchar),,,,,,,,,,,,No Backfill - Low Usage
DIFF,inventory__asset_chain__upstream_inbound_order_id,array(bigint),,,,,,,,,,,,No Backfill - Low Usage
DIFF,inventory__asset_chain__upstream_global_currency_id,array(bigint),,,,,,,,,,,,No Backfill - Low Usage
DIFF,inventory__asset_chain__upstream_content_owner_revenue_in_up_currency,array(double),,,,,,,,,,,,No Backfill - Low Usage
DIFF,inventory__asset_chain__outbound_order_id,array(bigint),,,,,,,,,,,,No Backfill - Low Usage
DIFF,inventory__asset_chain__outbound_order_type,array(varchar),,,,,,,,,,,,No Backfill - Low Usage
DIFF,inventory__asset_chain__outbound_exchange_order_id,array(bigint),,,,,,,,,,,,No Backfill - Low Usage
DIFF,inventory__asset_chain__outbound_listing_id,array(array(bigint)),,,,,,,,,,,,No Backfill - Low Usage
DIFF,inventory__asset_chain__unified_outbound_order_priority,array(varchar),,,,,,,,,,,,No Backfill - Low Usage
DIFF,inventory__asset_chain__unified_outbound_order_priority__priority_tier,array(varchar),,,,,,,,,,,,No Backfill - Low Usage
DIFF,inventory__asset_chain__unified_outbound_order_priority__sub_priority_value,array(integer),,,,,,,,,,,,No Backfill - Low Usage
DIFF,inventory__asset_chain__outbound_order_transaction_type,array(varchar),,,,,,,,,,,,No Backfill - Low Usage
DIFF,inventory__asset_chain__outbound_order_priority_type,array(varchar),,,,,,,,,,,,No Backfill - Low Usage
DIFF,inventory__asset_chain__avails_category,array(varchar),,,,,,,,,,,,No Backfill - Low Usage
DIFF,inventory__asset_chain__avails_category__avails,array(integer),,,,,,,,,,,,No Backfill - Low Usage
DIFF,inventory__asset_chain__avails_category__unfilled_avails,array(integer),,,,,,,,,,,,No Backfill - Low Usage
DIFF,inventory__asset_chain__avails_category__unconstrained_avails,array(integer),,,,,,,,,,,,No Backfill - Low Usage
DIFF,inventory__asset_chain__avails_category__market_avails,array(integer),,,,,,,,,,,,No Backfill - Low Usage
DIFF,inventory__asset_chain__avails_category__ssp_avails,array(integer),,,,,,,,,,,,No Backfill - Low Usage
DIFF,inventory__asset_chain__avails_category__avails_in_played_slot,array(integer),,,,,,,,,,,,No Backfill - Low Usage
DIFF,inventory__asset_chain__avails_category__unfilled_avails_in_played_slot,array(integer),,,,,,,,,,,,No Backfill - Low Usage
DIFF,inventory__asset_chain__avails_category__unconstrained_avails_in_played_slot,array(integer),,,,,,,,,,,,No Backfill - Low Usage
DIFF,inventory__asset_chain__avails_category__raw_total_avails_in_played_slot,array(integer),,,,,,,,,,,,No Backfill - Low Usage
DIFF,inventory__asset_chain__avails_category__market_avails_in_played_slot,array(integer),,,,,,,,,,,,No Backfill - Low Usage
DIFF,inventory__asset_chain__avails_category__ssp_avails_in_played_slot,array(integer),,,,,,,,,,,,No Backfill - Low Usage
DIFF,inventory__asset_chain__avails_category__total_avails,array(integer),,,,,,,,,,,,No Backfill - Low Usage
DIFF,inventory__asset_chain__avails_category__total_unfilled_avails,array(integer),,,,,,,,,,,,No Backfill - Low Usage
DIFF,inventory__asset_chain__avails_category__opportunity,array(integer),,,,,,,,,,,,No Backfill - Low Usage
DIFF,inventory__asset_chain__avails_category__total_avails_in_played_slot,array(integer),,,,,,,,,,,,No Backfill - Low Usage
DIFF,inventory__asset_chain__avails_category__total_unfilled_avails_in_played_slot,array(integer),,,,,,,,,,,,No Backfill - Low Usage
DIFF,inventory__asset_chain__avails_category__opportunity_in_played_slot,array(integer),,,,,,,,,,,,No Backfill - Low Usage
DIFF,inventory__asset_chain__avails_category__raw_opportunity_in_played_slot,array(integer),,,,,,,,,,,,No Backfill - Low Usage
DIFF,inventory__asset_chain__avails_category__slot_opp_avails_in_played_slot,array(integer),,,,,,,,,,,,No Backfill - Low Usage
DIFF,inventory__asset_chain__avails_category__remaining_avails,array(integer),,,,,,,,,,,,No Backfill - Low Usage
DIFF,inventory__asset_chain__avails_category__vod_programmer_total_avails,array(integer),,,,,,,,,,,,No Backfill - Low Usage
DIFF,inventory__asset_chain__avails_category__distinct_inventory_avails,array(bigint),,,,,,,,,,,,No Backfill - Low Usage
DIFF,inventory__asset_chain__avails_category__inventory_avails,array(bigint),,,,,,,,,,,,No Backfill - Low Usage
DIFF,inventory__asset_chain__avails_category__raw_inventory_distinct_avails_in_played_slot,array(bigint),,,,,,,,,,,,No Backfill - Low Usage
DIFF,inventory__asset_chain__avails_category__supply_avails,array(bigint),,,,,,,,,,,,No Backfill - Low Usage
DIFF,inventory__asset_chain__outbound_rules,array(array(varchar)),,,,,,,,,,,,No Backfill - Low Usage
DIFF,inventory__asset_chain__outbound_rules__rule_id,array(array(bigint)),,,,,,,,,,,,No Backfill - Low Usage
DIFF,inventory__asset_chain__outbound_rules__total_opp,array(array(bigint)),,,,,,,,,,,,No Backfill - Low Usage
DIFF,inventory__asset_chain__outbound_rules__win_opp,array(array(bigint)),,,,,,,,,,,,No Backfill - Low Usage
DIFF,inventory__asset_chain__eligible_outbound_orders,array(array(varchar)),,,,,,,,,,,,No Backfill - Low Usage
DIFF,inventory__asset_chain__eligible_outbound_orders__down_network_id,array(array(bigint)),,,,,,,,,,,,No Backfill - Low Usage
DIFF,inventory__asset_chain__eligible_outbound_orders__order_id,array(array(bigint)),,,,,,,,,,,,No Backfill - Low Usage
DIFF,inventory__asset_chain__eligible_outbound_orders__order_type,array(array(varchar)),,,,,,,,,,,,No Backfill - Low Usage
DIFF,inventory__asset_chain__eligible_outbound_orders__exchange_order_id,array(array(bigint)),,,,,,,,,,,,No Backfill - Low Usage
DIFF,inventory__asset_chain__eligible_outbound_orders__listing_id,array(array(array(bigint))),,,,,,,,,,,,No Backfill - Low Usage
DIFF,inventory__asset_chain__eligible_outbound_orders__matched_inventory_package_ids,array(array(array(bigint))),,,,,,,,,,,,No Backfill - Low Usage
DIFF,inventory__asset_chain__eligible_outbound_orders__bit_flags,array(array(bigint)),,,,,,,,,,,,No Backfill - Low Usage
DIFF,inventory__asset_chain__eligible_outbound_orders__order_transaction_type,array(array(varchar)),,,,,,,,,,,,No Backfill - Low Usage
DIFF,inventory__asset_chain__eligible_outbound_orders__order_priority,array(array(varchar)),,,,,,,,,,,,No Backfill - Low Usage
DIFF,inventory__asset_chain__eligible_outbound_orders__sales_channel,array(array(integer)),,,,,,,,,,,,No Backfill - Low Usage
DIFF,inventory__asset_chain__eligible_outbound_orders__avails_category,array(array(varchar)),,,,,,,,,,,,No Backfill - Low Usage
DIFF,inventory__asset_chain__eligible_outbound_orders__avails_category__avails,array(array(integer)),,,,,,,,,,,,No Backfill - Low Usage
DIFF,inventory__asset_chain__eligible_outbound_orders__avails_category__unfilled_avails,array(array(integer)),,,,,,,,,,,,No Backfill - Low Usage
DIFF,inventory__asset_chain__eligible_outbound_orders__avails_category__unconstrained_avails,array(array(integer)),,,,,,,,,,,,No Backfill - Low Usage
DIFF,inventory__asset_chain__eligible_outbound_orders__avails_category__market_avails,array(array(integer)),,,,,,,,,,,,No Backfill - Low Usage
DIFF,inventory__asset_chain__eligible_outbound_orders__avails_category__ssp_avails,array(array(integer)),,,,,,,,,,,,No Backfill - Low Usage
DIFF,inventory__asset_chain__eligible_outbound_orders__avails_category__avails_in_played_slot,array(array(integer)),,,,,,,,,,,,No Backfill - Low Usage
DIFF,inventory__asset_chain__eligible_outbound_orders__avails_category__unfilled_avails_in_played_slot,array(array(integer)),,,,,,,,,,,,No Backfill - Low Usage
DIFF,inventory__asset_chain__eligible_outbound_orders__avails_category__unconstrained_avails_in_played_slot,array(array(integer)),,,,,,,,,,,,No Backfill - Low Usage
DIFF,inventory__asset_chain__eligible_outbound_orders__avails_category__raw_total_avails_in_played_slot,array(array(integer)),,,,,,,,,,,,No Backfill - Low Usage
DIFF,inventory__asset_chain__eligible_outbound_orders__avails_category__market_avails_in_played_slot,array(array(integer)),,,,,,,,,,,,No Backfill - Low Usage
DIFF,inventory__asset_chain__eligible_outbound_orders__avails_category__ssp_avails_in_played_slot,array(array(integer)),,,,,,,,,,,,No Backfill - Low Usage
DIFF,inventory__asset_chain__eligible_outbound_orders__avails_category__total_avails,array(array(integer)),,,,,,,,,,,,No Backfill - Low Usage
DIFF,inventory__asset_chain__eligible_outbound_orders__avails_category__total_unfilled_avails,array(array(integer)),,,,,,,,,,,,No Backfill - Low Usage
DIFF,inventory__asset_chain__eligible_outbound_orders__avails_category__opportunity,array(array(integer)),,,,,,,,,,,,No Backfill - Low Usage
DIFF,inventory__asset_chain__eligible_outbound_orders__avails_category__total_avails_in_played_slot,array(array(integer)),,,,,,,,,,,,No Backfill - Low Usage
DIFF,inventory__asset_chain__eligible_outbound_orders__avails_category__total_unfilled_avails_in_played_slot,array(array(integer)),,,,,,,,,,,,No Backfill - Low Usage
DIFF,inventory__asset_chain__eligible_outbound_orders__avails_category__opportunity_in_played_slot,array(array(integer)),,,,,,,,,,,,No Backfill - Low Usage
DIFF,inventory__asset_chain__eligible_outbound_orders__avails_category__raw_opportunity_in_played_slot,array(array(integer)),,,,,,,,,,,,No Backfill - Low Usage
DIFF,inventory__asset_chain__eligible_outbound_orders__avails_category__slot_opp_avails_in_played_slot,array(array(integer)),,,,,,,,,,,,No Backfill - Low Usage
DIFF,inventory__asset_chain__eligible_outbound_orders__avails_category__remaining_avails,array(array(integer)),,,,,,,,,,,,No Backfill - Low Usage
DIFF,inventory__asset_chain__eligible_outbound_orders__avails_category__vod_programmer_total_avails,array(array(integer)),,,,,,,,,,,,No Backfill - Low Usage
DIFF,inventory__asset_chain__eligible_outbound_orders__avails_category__distinct_inventory_avails,array(array(bigint)),,,,,,,,,,,,No Backfill - Low Usage
DIFF,inventory__asset_chain__eligible_outbound_orders__avails_category__inventory_avails,array(array(bigint)),,,,,,,,,,,,No Backfill - Low Usage
DIFF,inventory__asset_chain__eligible_outbound_orders__avails_category__raw_inventory_distinct_avails_in_played_slot,array(array(bigint)),,,,,,,,,,,,No Backfill - Low Usage
DIFF,inventory__asset_chain__eligible_outbound_orders__avails_category__supply_avails,array(array(bigint)),,,,,,,,,,,,No Backfill - Low Usage
DIFF,inventory__asset_chain__eligible_outbound_orders__count_true_avails_as_booked,array(array(boolean)),,,,,,,,,,,,No Backfill - Low Usage
DIFF,inventory__asset_chain__eligible_outbound_orders__ad_filling_status,array(array(varchar)),,,,,,,,,,,,No Backfill - Low Usage
DIFF,inventory__asset_chain__eligible_outbound_orders__ad_filling_status__available_duration,array(array(integer)),,,,,,,,,,,,No Backfill - Low Usage
DIFF,inventory__asset_chain__eligible_outbound_orders__ad_filling_status__filled_ad_num,array(array(integer)),,,,,,,,,,,,No Backfill - Low Usage
DIFF,inventory__asset_chain__eligible_outbound_orders__ad_filling_status__filled_duration,array(array(integer)),,,,,,,,,,,,No Backfill - Low Usage
DIFF,inventory__asset_chain__eligible_outbound_orders__ad_filling_status__unified_unfilled_opp,array(array(integer)),,,,,,,,,,,,No Backfill - Low Usage
DIFF,inventory__asset_chain__eligible_outbound_orders__ad_filling_status__default_unfilled_opp,array(array(integer)),,,,,,,,,,,,No Backfill - Low Usage
DIFF,inventory__asset_chain__eligible_outbound_orders__ad_filling_status__initial_filled_ad_num,array(array(integer)),,,,,,,,,,,,No Backfill - Low Usage
DIFF,inventory__asset_chain__eligible_outbound_orders__ad_filling_status__initial_filled_duration,array(array(integer)),,,,,,,,,,,,No Backfill - Low Usage
DIFF,inventory__asset_chain__outbound_exchange_listings,array(array(varchar)),,,,,,,,,,,,No Backfill - Low Usage
DIFF,inventory__asset_chain__outbound_exchange_listings__listing_ids,array(array(array(bigint))),,,,,,,,,,,,No Backfill - Low Usage
DIFF,inventory__asset_chain__outbound_exchange_listings__avails_metrics,array(array(varchar)),,,,,,,,,,,,No Backfill - Low Usage
DIFF,inventory__asset_chain__outbound_exchange_listings__avails_metrics__default_duration,array(array(integer)),,,,,,,,,,,,No Backfill - Low Usage
DIFF,inventory__asset_chain__outbound_exchange_listings__avails_metrics__opportunity,array(array(integer)),,,,,,,,,,,,No Backfill - Low Usage
DIFF,inventory__asset_chain__outbound_exchange_listings__avails_metrics__avails,array(array(integer)),,,,,,,,,,,,No Backfill - Low Usage
DIFF,inventory__asset_chain__outbound_exchange_listings__avails_metrics__unfilled_avails,array(array(integer)),,,,,,,,,,,,No Backfill - Low Usage
MATCHED,inventory__asset_chain__visible_concrete_event_id,array(array(bigint)),inventory__asset_chain__visible_concrete_event_id,array(array(bigint)),,,,,,,,,,
MATCHED,inventory__asset_chain__tracked_audience_item_ids,array(array(bigint)),inventory__asset_chain__tracked_audience_item_ids,array(array(bigint)),0.07,,,,,,,,,
MATCHED,inventory__asset_chain__non_tracked_audience_item_ids,array(array(bigint)),inventory__asset_chain__non_tracked_audience_item_ids,array(array(bigint)),,,,,,,,,,
DIFF,inventory__asset_chain__marketplace_audience_extension_deal_ids,array(array(bigint)),,,,,,,,,,,,No Backfill - Low Usage
DIFF,inventory__asset_chain__portfolio_ids,array(array(bigint)),,,,,,,,,,,,No Backfill - Low Usage
MATCHED,inventory__asset_chain__custom_platform_ids,array(array(bigint)),inventory__asset_chain__custom_platform_ids,array(array(bigint)),,,,,,,,,,
MATCHED,inventory__asset_chain__region_ids,array(array(bigint)),inventory__asset_chain__region_ids,array(array(bigint)),,,,,,,,,,
MATCHED,inventory__asset_chain__network_execution_ctx_index,array(integer),inventory__asset_chain__network_execution_ctx_index,array(integer),,,,,,,,,,
MATCHED,inventory__asset_chain__network_execution_ctx_flags,array(bigint),inventory__asset_chain__network_execution_ctx_flags,array(bigint),,,,,,,,,,
DIFF,inventory__asset_chain__network_is_ad_owner,array(boolean),,,,,,,,,,,,No Backfill - Low Usage
DIFF,inventory__asset_chain__network_is_ad_unit_owner,array(boolean),,,,,,,,,,,,No Backfill - Low Usage
DIFF,inventory__asset_chain__network_is_extra_item_owner,array(boolean),,,,,,,,,,,,No Backfill - Low Usage
DIFF,inventory__asset_chain__network_is_vod_programmer,array(boolean),,,,,,,,,,,,No Backfill - Low Usage
DIFF,inventory__asset_chain__count_imp_as_booked,array(boolean),,,,,,,,,,,,No Backfill - Low Usage
DIFF,inventory__asset_chain__deal_awareability,array(boolean),,,,,,,,,,,,No Backfill - Low Usage
DIFF,inventory__asset_chain__demand_dim_awareability,array(boolean),,,,,,,,,,,,No Backfill - Low Usage
DIFF,inventory__asset_chain__carriage_inventory_owner_id,array(bigint),,,,,,,,,,,,No Backfill - Low Usage
DIFF,inventory__asset_chain__carriage_listing_split_unit_id,array(bigint),,,,,,,,,,,,No Backfill - Low Usage
DIFF,inventory__asset_chain__eligible_carriage_listing_split_unit_ids,array(array(bigint)),,,,,,,,,,,,No Backfill - Low Usage
DIFF,inventory__asset_chain__ad_priority_bucket,array(varchar),,,,,,,,,,,,No Backfill - Low Usage
DIFF,inventory__asset_chain__supply_source,array(integer),,,,,,,,,,,,No Backfill - Low Usage
DIFF,inventory__asset_chain__supply_source_type,array(varchar),,,,,,,,,,,,No Backfill - Low Usage
DIFF,inventory__asset_chain__sales_channel,array(integer),,,,,,,,,,,,No Backfill - Low Usage
DIFF,inventory__asset_chain__programmatic_exchange_rate_to_usd,array(double),,,,,,,,,,,,No Backfill - Low Usage
DIFF,inventory__asset_chain__programmatic_exchange_rate_to_eur,array(double),,,,,,,,,,,,No Backfill - Low Usage
DIFF,inventory__asset_chain__bidder_seat_id,array(bigint),,,,,,,,,,,,No Backfill - Low Usage
DIFF,inventory__asset_chain__global_currency_id,array(bigint),,,,,,,,,,,,No Backfill - Low Usage
DIFF,inventory__asset_chain__floor_price,array(double),,,,,,,,,,,,No Backfill - Low Usage
DIFF,inventory__asset_chain__ad_unit_default_duration,array(integer),,,,,,,,,,,,No Backfill - Low Usage
DIFF,inventory__asset_chain__ad_filling_status,array(varchar),,,,,,,,,,,,No Backfill - Low Usage
DIFF,inventory__asset_chain__ad_filling_status__available_duration,array(integer),,,,,,,,,,,,No Backfill - Low Usage
DIFF,inventory__asset_chain__ad_filling_status__filled_ad_num,array(integer),,,,,,,,,,,,No Backfill - Low Usage
DIFF,inventory__asset_chain__ad_filling_status__filled_duration,array(integer),,,,,,,,,,,,No Backfill - Low Usage
DIFF,inventory__asset_chain__ad_filling_status__unified_unfilled_opp,array(integer),,,,,,,,,,,,No Backfill - Low Usage
DIFF,inventory__asset_chain__ad_filling_status__default_unfilled_opp,array(integer),,,,,,,,,,,,No Backfill - Low Usage
DIFF,inventory__asset_chain__ad_filling_status__initial_filled_ad_num,array(integer),,,,,,,,,,,,No Backfill - Low Usage
DIFF,inventory__asset_chain__ad_filling_status__initial_filled_duration,array(integer),,,,,,,,,,,,No Backfill - Low Usage
DIFF,inventory__asset_chain__priority_tier,array(varchar),,,,,,,,,,,,No Backfill - Low Usage
DIFF,inventory__asset_chain__priority_value,array(integer),,,,,,,,,,,,No Backfill - Low Usage
DIFF,inventory__asset_chain__priority_type,array(varchar),,,,,,,,,,,,No Backfill - Low Usage
DIFF,inventory__asset_chain__supply_acquisition_cost,array(double),,,,,,,,,,,,No Backfill - Low Usage
DIFF,inventory__asset_chain__supply_distribution_cost,array(double),,,,,,,,,,,,No Backfill - Low Usage
DIFF,inventory__asset_chain__internal_deal_ids,array(array(bigint)),,,,,,,,,,,,No Backfill - Low Usage
DIFF,inventory__asset_chain__inbound_order_ids,array(array(bigint)),,,,,,,,,,,,No Backfill - Low Usage
DIFF,inventory__asset_chain__inbound_listing_ids,array(array(bigint)),,,,,,,,,,,,No Backfill - Low Usage
DIFF,inventory__asset_chain__buyer_ids,array(array(bigint)),,,,,,,,,,,,No Backfill - Low Usage
DIFF,inventory__asset_chain__internal_seat_ids,array(array(bigint)),,,,,,,,,,,,No Backfill - Low Usage
DIFF,inventory__asset_chain__outbound_order_ids,array(array(bigint)),,,,,,,,,,,,No Backfill - Low Usage
DIFF,inventory__asset_chain__outbound_exchange_order_ids,array(array(bigint)),,,,,,,,,,,,No Backfill - Low Usage
DIFF,inventory__asset_chain__matched_yield_optimization_ids,array(array(bigint)),,,,,,,,,,,,No Backfill - Low Usage
DIFF,inventory__asset_chain__selected_yield_optimization_ids,array(array(bigint)),,,,,,,,,,,,No Backfill - Low Usage
DIFF,inventory__asset_chain__selected_yield_optimization_info_ids,array(array(array(bigint))),,,,,,,,,,,,No Backfill - Low Usage
DIFF,inventory__asset_chain__matched_inventory_package_ids,array(array(bigint)),,,,,,,,,,,,No Backfill - Low Usage
MATCHED,inventory__asset_chain__inventory_package_ids,array(array(bigint)),inventory__asset_chain__inventory_package_ids,array(array(bigint)),0.34,,,,,,,,,
DIFF,inventory__asset_chain__matched_audience_item_ids,array(array(bigint)),,,,,,,,,,,,No Backfill - Low Usage
DIFF,inventory__asset_chain__matched_key_value_ids,array(array(bigint)),,,,,,,,,,,,No Backfill - Low Usage
DIFF,inventory__asset_chain__matched_daypart,array(boolean),,,,,,,,,,,,No Backfill - Low Usage
DIFF,inventory__asset_chain__network_selection_info,array(varchar),,,,,,,,,,,,No Backfill - Low Usage
DIFF,inventory__asset_chain__network_selection_info__candidate_ad_funnel_metrics,array(array(varchar)),,,,,,,,,,,,No Backfill - Low Usage
DIFF,inventory__asset_chain__network_selection_info__candidate_ad_funnel_metrics__ad_targeting_metrics,array(array(varchar)),,,,,,,,,,,,No Backfill - Low Usage
DIFF,inventory__asset_chain__network_selection_info__candidate_ad_funnel_metrics__ad_targeting_metrics__input_ad_number,array(array(integer)),,,,,,,,,,,,No Backfill - Low Usage
DIFF,inventory__asset_chain__network_selection_info__candidate_ad_funnel_metrics__ad_targeting_metrics__output_ad_number,array(array(integer)),,,,,,,,,,,,No Backfill - Low Usage
DIFF,inventory__asset_chain__network_selection_info__candidate_ad_funnel_metrics__ad_targeting_metrics__data_privacy,array(array(integer)),,,,,,,,,,,,No Backfill - Low Usage
DIFF,inventory__asset_chain__network_selection_info__candidate_ad_funnel_metrics__ad_targeting_metrics__restriction,array(array(integer)),,,,,,,,,,,,No Backfill - Low Usage
DIFF,inventory__asset_chain__network_selection_info__candidate_ad_funnel_metrics__ad_targeting_metrics__unmapped,array(array(integer)),,,,,,,,,,,,No Backfill - Low Usage
DIFF,inventory__asset_chain__network_selection_info__candidate_ad_funnel_metrics__ad_targeting_metrics__undefined,array(array(integer)),,,,,,,,,,,,No Backfill - Low Usage
DIFF,inventory__asset_chain__network_selection_info__candidate_ad_funnel_metrics__ad_filtering_metrics,array(array(varchar)),,,,,,,,,,,,No Backfill - Low Usage
DIFF,inventory__asset_chain__network_selection_info__candidate_ad_funnel_metrics__ad_filtering_metrics__input_ad_number,array(array(integer)),,,,,,,,,,,,No Backfill - Low Usage
DIFF,inventory__asset_chain__network_selection_info__candidate_ad_funnel_metrics__ad_filtering_metrics__output_ad_number,array(array(integer)),,,,,,,,,,,,No Backfill - Low Usage
DIFF,inventory__asset_chain__network_selection_info__candidate_ad_funnel_metrics__ad_filtering_metrics__no_ad_domain,array(array(integer)),,,,,,,,,,,,No Backfill - Low Usage
DIFF,inventory__asset_chain__network_selection_info__candidate_ad_funnel_metrics__ad_filtering_metrics__no_slot_assigned_through_mrm_rule,array(array(integer)),,,,,,,,,,,,No Backfill - Low Usage
DIFF,inventory__asset_chain__network_selection_info__candidate_ad_funnel_metrics__ad_filtering_metrics__frequency_cap,array(array(integer)),,,,,,,,,,,,No Backfill - Low Usage
DIFF,inventory__asset_chain__network_selection_info__candidate_ad_funnel_metrics__ad_filtering_metrics__cpx_check_failed,array(array(integer)),,,,,,,,,,,,No Backfill - Low Usage
DIFF,inventory__asset_chain__network_selection_info__candidate_ad_funnel_metrics__ad_filtering_metrics__met_schedule,array(array(integer)),,,,,,,,,,,,No Backfill - Low Usage
DIFF,inventory__asset_chain__network_selection_info__candidate_ad_funnel_metrics__ad_filtering_metrics__rbp_check_failed,array(array(integer)),,,,,,,,,,,,No Backfill - Low Usage
DIFF,inventory__asset_chain__network_selection_info__candidate_ad_funnel_metrics__ad_filtering_metrics__no_applicable_slot,array(array(integer)),,,,,,,,,,,,No Backfill - Low Usage
DIFF,inventory__asset_chain__network_selection_info__candidate_ad_funnel_metrics__ad_filtering_metrics__sponsorship_check_failed,array(array(integer)),,,,,,,,,,,,No Backfill - Low Usage
DIFF,inventory__asset_chain__network_selection_info__candidate_ad_funnel_metrics__ad_filtering_metrics__exclusivity_check_failed,array(array(integer)),,,,,,,,,,,,No Backfill - Low Usage
DIFF,inventory__asset_chain__network_selection_info__candidate_ad_funnel_metrics__ad_filtering_metrics__no_applicable_slot_user_experience,array(array(integer)),,,,,,,,,,,,No Backfill - Low Usage
DIFF,inventory__asset_chain__network_selection_info__candidate_ad_funnel_metrics__ad_filtering_metrics__no_applicable_slot_no_external_rule,array(array(integer)),,,,,,,,,,,,No Backfill - Low Usage
DIFF,inventory__asset_chain__network_selection_info__candidate_ad_funnel_metrics__ad_filtering_metrics__no_applicable_slot_not_resellable,array(array(integer)),,,,,,,,,,,,No Backfill - Low Usage
DIFF,inventory__asset_chain__network_selection_info__candidate_ad_funnel_metrics__ad_filtering_metrics__no_applicable_slot_promo_only,array(array(integer)),,,,,,,,,,,,No Backfill - Low Usage
DIFF,inventory__asset_chain__network_selection_info__candidate_ad_funnel_metrics__ad_filtering_metrics__no_applicable_slot_not_compatible,array(array(integer)),,,,,,,,,,,,No Backfill - Low Usage
DIFF,inventory__asset_chain__network_selection_info__candidate_ad_funnel_metrics__ad_filtering_metrics__met_budget,array(array(integer)),,,,,,,,,,,,No Backfill - Low Usage
DIFF,inventory__asset_chain__network_selection_info__candidate_ad_funnel_metrics__ad_filtering_metrics__met_yield_optimization,array(array(integer)),,,,,,,,,,,,No Backfill - Low Usage
DIFF,inventory__asset_chain__network_selection_info__candidate_ad_funnel_metrics__ad_filtering_metrics__unmapped,array(array(integer)),,,,,,,,,,,,No Backfill - Low Usage
DIFF,inventory__asset_chain__network_selection_info__candidate_ad_funnel_metrics__ad_filtering_metrics__undefined,array(array(integer)),,,,,,,,,,,,No Backfill - Low Usage
DIFF,inventory__asset_chain__network_selection_info__candidate_ad_funnel_metrics__ad_filtering_metrics__ad_truncation,array(array(integer)),,,,,,,,,,,,No Backfill - Low Usage
DIFF,inventory__asset_chain__network_selection_info__candidate_ad_funnel_metrics__ad_creative_checking_metrics,array(array(varchar)),,,,,,,,,,,,No Backfill - Low Usage
DIFF,inventory__asset_chain__network_selection_info__candidate_ad_funnel_metrics__ad_creative_checking_metrics__input_ad_number,array(array(integer)),,,,,,,,,,,,No Backfill - Low Usage
DIFF,inventory__asset_chain__network_selection_info__candidate_ad_funnel_metrics__ad_creative_checking_metrics__output_ad_number,array(array(integer)),,,,,,,,,,,,No Backfill - Low Usage
DIFF,inventory__asset_chain__network_selection_info__candidate_ad_funnel_metrics__ad_creative_checking_metrics__frequency_cap,array(array(integer)),,,,,,,,,,,,No Backfill - Low Usage
DIFF,inventory__asset_chain__network_selection_info__candidate_ad_funnel_metrics__ad_creative_checking_metrics__no_applicable_slot,array(array(integer)),,,,,,,,,,,,No Backfill - Low Usage
DIFF,inventory__asset_chain__network_selection_info__candidate_ad_funnel_metrics__ad_creative_checking_metrics__compliance_check_failed,array(array(integer)),,,,,,,,,,,,No Backfill - Low Usage
DIFF,inventory__asset_chain__network_selection_info__candidate_ad_funnel_metrics__ad_creative_checking_metrics__no_creative,array(array(integer)),,,,,,,,,,,,No Backfill - Low Usage
DIFF,inventory__asset_chain__network_selection_info__candidate_ad_funnel_metrics__ad_creative_checking_metrics__no_suitable_rule_path,array(array(integer)),,,,,,,,,,,,No Backfill - Low Usage
DIFF,inventory__asset_chain__network_selection_info__candidate_ad_funnel_metrics__ad_creative_checking_metrics__profile_check_failed,array(array(integer)),,,,,,,,,,,,No Backfill - Low Usage
DIFF,inventory__asset_chain__network_selection_info__candidate_ad_funnel_metrics__ad_creative_checking_metrics__floor_price_not_met,array(array(integer)),,,,,,,,,,,,No Backfill - Low Usage
DIFF,inventory__asset_chain__network_selection_info__candidate_ad_funnel_metrics__ad_creative_checking_metrics__restriction,array(array(integer)),,,,,,,,,,,,No Backfill - Low Usage
DIFF,inventory__asset_chain__network_selection_info__candidate_ad_funnel_metrics__ad_creative_checking_metrics__exclusivity,array(array(integer)),,,,,,,,,,,,No Backfill - Low Usage
DIFF,inventory__asset_chain__network_selection_info__candidate_ad_funnel_metrics__ad_creative_checking_metrics__pg_deal_bid_throttling,array(array(integer)),,,,,,,,,,,,No Backfill - Low Usage
DIFF,inventory__asset_chain__network_selection_info__candidate_ad_funnel_metrics__ad_creative_checking_metrics__auction_max_ad_duration,array(array(integer)),,,,,,,,,,,,No Backfill - Low Usage
DIFF,inventory__asset_chain__network_selection_info__candidate_ad_funnel_metrics__ad_creative_checking_metrics__reseller_restriction,array(array(integer)),,,,,,,,,,,,No Backfill - Low Usage
DIFF,inventory__asset_chain__network_selection_info__candidate_ad_funnel_metrics__ad_creative_checking_metrics__market_ad_not_approved,array(array(integer)),,,,,,,,,,,,No Backfill - Low Usage
DIFF,inventory__asset_chain__network_selection_info__candidate_ad_funnel_metrics__ad_creative_checking_metrics__listing_creative_duration_check_failed,array(array(integer)),,,,,,,,,,,,No Backfill - Low Usage
DIFF,inventory__asset_chain__network_selection_info__candidate_ad_funnel_metrics__ad_creative_checking_metrics__no_creative_ad_asset_store_availability,array(array(integer)),,,,,,,,,,,,No Backfill - Low Usage
DIFF,inventory__asset_chain__network_selection_info__candidate_ad_funnel_metrics__ad_creative_checking_metrics__no_creative_bitrate_check_failed,array(array(integer)),,,,,,,,,,,,No Backfill - Low Usage
DIFF,inventory__asset_chain__network_selection_info__candidate_ad_funnel_metrics__ad_creative_checking_metrics__no_creative_creative_targeting_check_failed,array(array(integer)),,,,,,,,,,,,No Backfill - Low Usage
DIFF,inventory__asset_chain__network_selection_info__candidate_ad_funnel_metrics__ad_creative_checking_metrics__no_creative_date_range_check_failed,array(array(integer)),,,,,,,,,,,,No Backfill - Low Usage
DIFF,inventory__asset_chain__network_selection_info__candidate_ad_funnel_metrics__ad_creative_checking_metrics__no_creative_slot_max_ad_duration_check_failed,array(array(integer)),,,,,,,,,,,,No Backfill - Low Usage
DIFF,inventory__asset_chain__network_selection_info__candidate_ad_funnel_metrics__ad_creative_checking_metrics__no_creative_slot_compatible_dimension_check_failed,array(array(integer)),,,,,,,,,,,,No Backfill - Low Usage
DIFF,inventory__asset_chain__network_selection_info__candidate_ad_funnel_metrics__ad_creative_checking_metrics__inventory_source_restriction,array(array(integer)),,,,,,,,,,,,No Backfill - Low Usage
DIFF,inventory__asset_chain__network_selection_info__candidate_ad_funnel_metrics__ad_creative_checking_metrics__no_applicable_slot_not_compatible,array(array(integer)),,,,,,,,,,,,No Backfill - Low Usage
DIFF,inventory__asset_chain__network_selection_info__candidate_ad_funnel_metrics__ad_creative_checking_metrics__no_applicable_slot_excluded_by_sponsor,array(array(integer)),,,,,,,,,,,,No Backfill - Low Usage
DIFF,inventory__asset_chain__network_selection_info__candidate_ad_funnel_metrics__ad_creative_checking_metrics__met_yield_optimization,array(array(integer)),,,,,,,,,,,,No Backfill - Low Usage
DIFF,inventory__asset_chain__network_selection_info__candidate_ad_funnel_metrics__ad_creative_checking_metrics__mpe_listing_restriction,array(array(integer)),,,,,,,,,,,,No Backfill - Low Usage
DIFF,inventory__asset_chain__network_selection_info__candidate_ad_funnel_metrics__ad_creative_checking_metrics__unmapped,array(array(integer)),,,,,,,,,,,,No Backfill - Low Usage
DIFF,inventory__asset_chain__network_selection_info__candidate_ad_funnel_metrics__ad_creative_checking_metrics__undefined,array(array(integer)),,,,,,,,,,,,No Backfill - Low Usage
DIFF,inventory__asset_chain__network_selection_info__candidate_ad_funnel_metrics__ad_creative_checking_metrics__inbound_order_competition_failure,array(array(integer)),,,,,,,,,,,,No Backfill - Low Usage
DIFF,inventory__asset_chain__network_selection_info__candidate_ad_funnel_metrics__ad_creative_checking_metrics__competition_failure_in_pick_many,array(array(integer)),,,,,,,,,,,,No Backfill - Low Usage
DIFF,inventory__asset_chain__network_selection_info__candidate_ad_funnel_metrics__ad_filling_metrics,array(array(varchar)),,,,,,,,,,,,No Backfill - Low Usage
DIFF,inventory__asset_chain__network_selection_info__candidate_ad_funnel_metrics__ad_filling_metrics__input_ad_number,array(array(integer)),,,,,,,,,,,,No Backfill - Low Usage
DIFF,inventory__asset_chain__network_selection_info__candidate_ad_funnel_metrics__ad_filling_metrics__output_ad_number,array(array(integer)),,,,,,,,,,,,No Backfill - Low Usage
DIFF,inventory__asset_chain__network_selection_info__candidate_ad_funnel_metrics__ad_filling_metrics__slot_max_num_ads,array(array(integer)),,,,,,,,,,,,No Backfill - Low Usage
DIFF,inventory__asset_chain__network_selection_info__candidate_ad_funnel_metrics__ad_filling_metrics__slot_max_duration,array(array(integer)),,,,,,,,,,,,No Backfill - Low Usage
DIFF,inventory__asset_chain__network_selection_info__candidate_ad_funnel_metrics__ad_filling_metrics__time_based_freq_cap,array(array(integer)),,,,,,,,,,,,No Backfill - Low Usage
DIFF,inventory__asset_chain__network_selection_info__candidate_ad_funnel_metrics__ad_filling_metrics__no_creative,array(array(integer)),,,,,,,,,,,,No Backfill - Low Usage
DIFF,inventory__asset_chain__network_selection_info__candidate_ad_funnel_metrics__ad_filling_metrics__companion_check_failed,array(array(integer)),,,,,,,,,,,,No Backfill - Low Usage
DIFF,inventory__asset_chain__network_selection_info__candidate_ad_funnel_metrics__ad_filling_metrics__pod_position_targeting_check_failed,array(array(integer)),,,,,,,,,,,,No Backfill - Low Usage
DIFF,inventory__asset_chain__network_selection_info__candidate_ad_funnel_metrics__ad_filling_metrics__slot_exclusivity_check_failed,array(array(integer)),,,,,,,,,,,,No Backfill - Low Usage
DIFF,inventory__asset_chain__network_selection_info__candidate_ad_funnel_metrics__ad_filling_metrics__slot_sponsorship_check_failed,array(array(integer)),,,,,,,,,,,,No Backfill - Low Usage
DIFF,inventory__asset_chain__network_selection_info__candidate_ad_funnel_metrics__ad_filling_metrics__slot_filled_by_multi_ad,array(array(integer)),,,,,,,,,,,,No Backfill - Low Usage
DIFF,inventory__asset_chain__network_selection_info__candidate_ad_funnel_metrics__ad_filling_metrics__output_fallback_ad_number,array(array(integer)),,,,,,,,,,,,No Backfill - Low Usage
DIFF,inventory__asset_chain__network_selection_info__candidate_ad_funnel_metrics__ad_filling_metrics__slot_not_found,array(array(integer)),,,,,,,,,,,,No Backfill - Low Usage
DIFF,inventory__asset_chain__network_selection_info__candidate_ad_funnel_metrics__ad_filling_metrics__do_not_repeat,array(array(integer)),,,,,,,,,,,,No Backfill - Low Usage
DIFF,inventory__asset_chain__network_selection_info__candidate_ad_funnel_metrics__ad_filling_metrics__unmapped,array(array(integer)),,,,,,,,,,,,No Backfill - Low Usage
DIFF,inventory__asset_chain__network_selection_info__candidate_ad_funnel_metrics__ad_filling_metrics__undefined,array(array(integer)),,,,,,,,,,,,No Backfill - Low Usage
DIFF,inventory__asset_chain__network_selection_info__candidate_ad_funnel_metrics__network_id,array(array(bigint)),,,,,,,,,,,,No Backfill - Low Usage
DIFF,inventory__asset_chain__network_selection_info__candidate_ad_funnel_metrics__demand_type,array(array(integer)),,,,,,,,,,,,No Backfill - Low Usage
DIFF,inventory__asset_chain__network_selection_info__candidate_ad_funnel_metrics__order_id,array(array(bigint)),,,,,,,,,,,,No Backfill - Low Usage
DIFF,inventory__asset_chain__network_selection_info__candidate_ad_funnel_metrics__listing_ids,array(array(array(bigint))),,,,,,,,,,,,No Backfill - Low Usage
DIFF,inventory__asset_chain__network_selection_info__candidate_ad_funnel_metrics__phase_metrics,array(array(array(varchar))),,,,,,,,,,,,No Backfill - Low Usage
DIFF,inventory__asset_chain__network_selection_info__candidate_ad_funnel_metrics__phase_metrics__phase,array(array(array(bigint))),,,,,,,,,,,,No Backfill - Low Usage
DIFF,inventory__asset_chain__network_selection_info__candidate_ad_funnel_metrics__phase_metrics__name,array(array(array(varchar))),,,,,,,,,,,,No Backfill - Low Usage
DIFF,inventory__asset_chain__network_selection_info__candidate_ad_funnel_metrics__phase_metrics__value,array(array(array(bigint))),,,,,,,,,,,,No Backfill - Low Usage
DIFF,inventory__asset_chain__inventory_distribution_contexts,array(array(varchar)),,,,,,,,,,,,No Backfill - Low Usage
DIFF,inventory__asset_chain__inventory_distribution_contexts__carriage_inventory_owner_id,array(array(bigint)),,,,,,,,,,,,No Backfill - Low Usage
DIFF,inventory__asset_chain__inventory_distribution_contexts__carriage_listing_split_unit_id,array(array(bigint)),,,,,,,,,,,,No Backfill - Low Usage
DIFF,inventory__asset_chain__mapped_asset_ids,array(array(bigint)),,,,,,,,,,,,No Backfill - Low Usage
DIFF,inventory__asset_chain__mapped_site_section_ids,array(array(bigint)),,,,,,,,,,,,No Backfill - Low Usage
DIFF,inventory__asset_chain__selected_yo_volume_cap_ids,array(array(bigint)),,,,,,,,,,,,No Backfill - Low Usage
DIFF,inventory__asset_chain__selected_yo_distribution_id,array(bigint),,,,,,,,,,,,No Backfill - Low Usage
DIFF,inventory__asset_chain__selected_yo_distribution_nip_id,array(bigint),,,,,,,,,,,,No Backfill - Low Usage
DIFF,inventory__asset_chain__selected_yo_inventory_prioritization_id,array(bigint),,,,,,,,,,,,No Backfill - Low Usage
DIFF,inventory__asset_chain__selected_yo_inventory_prioritization_nip_id,array(bigint),,,,,,,,,,,,No Backfill - Low Usage
DIFF,inventory__asset_chain__selected_yo_margin_id,array(bigint),,,,,,,,,,,,No Backfill - Low Usage
DIFF,inventory__asset_chain__audience_segment_max_cpm,array(double),,,,,,,,,,,,No Backfill - Low Usage
DIFF,inventory__asset_chain__audience_partner_segment_infos,array(array(varchar)),,,,,,,,,,,,No Backfill - Low Usage
DIFF,inventory__asset_chain__audience_partner_segment_infos__audience_partner_id,array(array(bigint)),,,,,,,,,,,,No Backfill - Low Usage
DIFF,inventory__asset_chain__audience_partner_segment_infos__max_cpm,array(array(double)),,,,,,,,,,,,No Backfill - Low Usage
DIFF,inventory__asset_chain__audience_partner_segment_infos__matched_segments,array(array(array(varchar))),,,,,,,,,,,,No Backfill - Low Usage
DIFF,inventory__asset_chain__audience_partner_segment_infos__matched_segments__id,array(array(array(integer))),,,,,,,,,,,,No Backfill - Low Usage
DIFF,inventory__asset_chain__audience_partner_segment_infos__matched_segments__cpm,array(array(array(double))),,,,,,,,,,,,No Backfill - Low Usage
DIFF,inventory__asset_chain__audience_partner_segment_infos__matched_segments__flags,array(array(array(bigint))),,,,,,,,,,,,No Backfill - Low Usage
DIFF,inventory__asset_chain__supply_priority,array(integer),,,,,,,,,,,,No Backfill - Low Usage
DIFF,inventory__asset_chain__acquired_supply_type,array(integer),,,,,,,,,,,,No Backfill - Low Usage
DIFF,inventory__asset_chain__geo_visibility,array(varchar),,,,,,,,,,,,No Backfill - Low Usage
DIFF,inventory__asset_chain__geo_visibility__targetable,array(varchar),,,,,,,,,,,,No Backfill - Low Usage
DIFF,inventory__asset_chain__geo_visibility__report_aggregate,array(varchar),,,,,,,,,,,,No Backfill - Low Usage
DIFF,inventory__asset_chain__geo_visibility__report_event,array(varchar),,,,,,,,,,,,No Backfill - Low Usage
MATCHED,inventory__asset_chain__geo_country_visibility,array(varchar),inventory__asset_chain__geo_country_visibility,array(varchar),,,,,,,,,,
MATCHED,inventory__asset_chain__geo_country_visibility__targetable,array(varchar),inventory__asset_chain__geo_country_visibility__targetable,array(varchar),,,,,,,,,,
MATCHED,inventory__asset_chain__geo_country_visibility__report_aggregate,array(varchar),inventory__asset_chain__geo_country_visibility__report_aggregate,array(varchar),,,,,,,,,,
MATCHED,inventory__asset_chain__geo_country_visibility__report_event,array(varchar),inventory__asset_chain__geo_country_visibility__report_event,array(varchar),,,,,,,,,,
MATCHED,inventory__asset_chain__geo_state_visibility,array(varchar),inventory__asset_chain__geo_state_visibility,array(varchar),,,,,,,,,,
MATCHED,inventory__asset_chain__geo_state_visibility__targetable,array(varchar),inventory__asset_chain__geo_state_visibility__targetable,array(varchar),,,,,,,,,,
MATCHED,inventory__asset_chain__geo_state_visibility__report_aggregate,array(varchar),inventory__asset_chain__geo_state_visibility__report_aggregate,array(varchar),,,,,,,,,,
MATCHED,inventory__asset_chain__geo_state_visibility__report_event,array(varchar),inventory__asset_chain__geo_state_visibility__report_event,array(varchar),,,,,,,,,,
MATCHED,inventory__asset_chain__geo_city_visibility,array(varchar),inventory__asset_chain__geo_city_visibility,array(varchar),,,,,,,,,,
MATCHED,inventory__asset_chain__geo_city_visibility__targetable,array(varchar),inventory__asset_chain__geo_city_visibility__targetable,array(varchar),,,,,,,,,,
MATCHED,inventory__asset_chain__geo_city_visibility__report_aggregate,array(varchar),inventory__asset_chain__geo_city_visibility__report_aggregate,array(varchar),,,,,,,,,,
MATCHED,inventory__asset_chain__geo_city_visibility__report_event,array(varchar),inventory__asset_chain__geo_city_visibility__report_event,array(varchar),,,,,,,,,,
MATCHED,inventory__asset_chain__geo_zip_code_visibility,array(varchar),inventory__asset_chain__geo_zip_code_visibility,array(varchar),,,,,,,,,,
MATCHED,inventory__asset_chain__geo_zip_code_visibility__targetable,array(varchar),inventory__asset_chain__geo_zip_code_visibility__targetable,array(varchar),,,,,,,,,,
MATCHED,inventory__asset_chain__geo_zip_code_visibility__report_aggregate,array(varchar),inventory__asset_chain__geo_zip_code_visibility__report_aggregate,array(varchar),,,,,,,,,,
MATCHED,inventory__asset_chain__geo_zip_code_visibility__report_event,array(varchar),inventory__asset_chain__geo_zip_code_visibility__report_event,array(varchar),,,,,,,,,,
MATCHED,inventory__asset_chain__geo_dma_visibility,array(varchar),inventory__asset_chain__geo_dma_visibility,array(varchar),,,,,,,,,,
MATCHED,inventory__asset_chain__geo_dma_visibility__targetable,array(varchar),inventory__asset_chain__geo_dma_visibility__targetable,array(varchar),,,,,,,,,,
MATCHED,inventory__asset_chain__geo_dma_visibility__report_aggregate,array(varchar),inventory__asset_chain__geo_dma_visibility__report_aggregate,array(varchar),,,,,,,,,,
MATCHED,inventory__asset_chain__geo_dma_visibility__report_event,array(varchar),inventory__asset_chain__geo_dma_visibility__report_event,array(varchar),,,,,,,,,,
MATCHED,inventory__asset_chain__user_agent_visibility,array(varchar),inventory__asset_chain__user_agent_visibility,array(varchar),,,,,,,,,,
MATCHED,inventory__asset_chain__user_agent_visibility__targetable,array(varchar),inventory__asset_chain__user_agent_visibility__targetable,array(varchar),,,,,,,,,,
MATCHED,inventory__asset_chain__user_agent_visibility__report_aggregate,array(varchar),inventory__asset_chain__user_agent_visibility__report_aggregate,array(varchar),,,,,,,,,,
MATCHED,inventory__asset_chain__user_agent_visibility__report_event,array(varchar),inventory__asset_chain__user_agent_visibility__report_event,array(varchar),,,,,,,,,,
MATCHED,inventory__asset_chain__standard_endpoint_visibility,array(varchar),inventory__asset_chain__standard_endpoint_visibility,array(varchar),,,,,,,,,,
MATCHED,inventory__asset_chain__standard_endpoint_visibility__targetable,array(varchar),inventory__asset_chain__standard_endpoint_visibility__targetable,array(varchar),,,,,,,,,,
MATCHED,inventory__asset_chain__standard_endpoint_visibility__report_aggregate,array(varchar),inventory__asset_chain__standard_endpoint_visibility__report_aggregate,array(varchar),,,,,,,,,,
MATCHED,inventory__asset_chain__standard_endpoint_visibility__report_event,array(varchar),inventory__asset_chain__standard_endpoint_visibility__report_event,array(varchar),,,,,,,,,,
MATCHED,inventory__asset_chain__standard_endpoint_owner_visibility,array(varchar),inventory__asset_chain__standard_endpoint_owner_visibility,array(varchar),,,,,,,,,,
MATCHED,inventory__asset_chain__standard_endpoint_owner_visibility__targetable,array(varchar),inventory__asset_chain__standard_endpoint_owner_visibility__targetable,array(varchar),,,,,,,,,,
MATCHED,inventory__asset_chain__standard_endpoint_owner_visibility__report_aggregate,array(varchar),inventory__asset_chain__standard_endpoint_owner_visibility__report_aggregate,array(varchar),,,,,,,,,,
MATCHED,inventory__asset_chain__standard_endpoint_owner_visibility__report_event,array(varchar),inventory__asset_chain__standard_endpoint_owner_visibility__report_event,array(varchar),,,,,,,,,,
MATCHED,inventory__asset_chain__visitor_custom_id_visibility,array(varchar),inventory__asset_chain__visitor_custom_id_visibility,array(varchar),,,,,,,,,,
MATCHED,inventory__asset_chain__visitor_custom_id_visibility__targetable,array(varchar),inventory__asset_chain__visitor_custom_id_visibility__targetable,array(varchar),,,,,,,,,,
MATCHED,inventory__asset_chain__visitor_custom_id_visibility__report_aggregate,array(varchar),inventory__asset_chain__visitor_custom_id_visibility__report_aggregate,array(varchar),,,,,,,,,,
MATCHED,inventory__asset_chain__visitor_custom_id_visibility__report_event,array(varchar),inventory__asset_chain__visitor_custom_id_visibility__report_event,array(varchar),,,,,,,,,,
MATCHED,inventory__asset_chain__device_id_visibility,array(varchar),inventory__asset_chain__device_id_visibility,array(varchar),,,,,,,,,,
MATCHED,inventory__asset_chain__device_id_visibility__targetable,array(varchar),inventory__asset_chain__device_id_visibility__targetable,array(varchar),,,,,,,,,,
MATCHED,inventory__asset_chain__device_id_visibility__report_aggregate,array(varchar),inventory__asset_chain__device_id_visibility__report_aggregate,array(varchar),,,,,,,,,,
MATCHED,inventory__asset_chain__device_id_visibility__report_event,array(varchar),inventory__asset_chain__device_id_visibility__report_event,array(varchar),,,,,,,,,,
MATCHED,inventory__asset_chain__ip_visibility,array(varchar),inventory__asset_chain__ip_visibility,array(varchar),,,,,,,,,,
MATCHED,inventory__asset_chain__ip_visibility__targetable,array(varchar),inventory__asset_chain__ip_visibility__targetable,array(varchar),,,,,,,,,,
MATCHED,inventory__asset_chain__ip_visibility__report_aggregate,array(varchar),inventory__asset_chain__ip_visibility__report_aggregate,array(varchar),,,,,,,,,,
MATCHED,inventory__asset_chain__ip_visibility__report_event,array(varchar),inventory__asset_chain__ip_visibility__report_event,array(varchar),,,,,,,,,,
MATCHED,inventory__asset_chain__third_party_user_id_visibility,array(varchar),inventory__asset_chain__third_party_user_id_visibility,array(varchar),,,,,,,,,,
MATCHED,inventory__asset_chain__third_party_user_id_visibility__targetable,array(varchar),inventory__asset_chain__third_party_user_id_visibility__targetable,array(varchar),,,,,,,,,,
MATCHED,inventory__asset_chain__third_party_user_id_visibility__report_aggregate,array(varchar),inventory__asset_chain__third_party_user_id_visibility__report_aggregate,array(varchar),,,,,,,,,,
MATCHED,inventory__asset_chain__third_party_user_id_visibility__report_event,array(varchar),inventory__asset_chain__third_party_user_id_visibility__report_event,array(varchar),,,,,,,,,,
MATCHED,inventory__asset_chain__key_value_visibility,array(varchar),inventory__asset_chain__key_value_visibility,array(varchar),,,,,,,,,,
MATCHED,inventory__asset_chain__key_value_visibility__targetable,array(varchar),inventory__asset_chain__key_value_visibility__targetable,array(varchar),,,,,,,,,,
MATCHED,inventory__asset_chain__key_value_visibility__report_aggregate,array(varchar),inventory__asset_chain__key_value_visibility__report_aggregate,array(varchar),,,,,,,,,,
MATCHED,inventory__asset_chain__key_value_visibility__report_event,array(varchar),inventory__asset_chain__key_value_visibility__report_event,array(varchar),,,,,,,,,,
MATCHED,inventory__asset_chain__standard_brand_visibility,array(varchar),inventory__asset_chain__standard_brand_visibility,array(varchar),,,,,,,,,,
MATCHED,inventory__asset_chain__standard_brand_visibility__targetable,array(varchar),inventory__asset_chain__standard_brand_visibility__targetable,array(varchar),,,,,,,,,,
MATCHED,inventory__asset_chain__standard_brand_visibility__report_aggregate,array(varchar),inventory__asset_chain__standard_brand_visibility__report_aggregate,array(varchar),,,,,,,,,,
MATCHED,inventory__asset_chain__standard_brand_visibility__report_event,array(varchar),inventory__asset_chain__standard_brand_visibility__report_event,array(varchar),,,,,,,,,,
MATCHED,inventory__asset_chain__standard_genre_visibility,array(varchar),inventory__asset_chain__standard_genre_visibility,array(varchar),,,,,,,,,,
MATCHED,inventory__asset_chain__standard_genre_visibility__targetable,array(varchar),inventory__asset_chain__standard_genre_visibility__targetable,array(varchar),,,,,,,,,,
MATCHED,inventory__asset_chain__standard_genre_visibility__report_aggregate,array(varchar),inventory__asset_chain__standard_genre_visibility__report_aggregate,array(varchar),,,,,,,,,,
MATCHED,inventory__asset_chain__standard_genre_visibility__report_event,array(varchar),inventory__asset_chain__standard_genre_visibility__report_event,array(varchar),,,,,,,,,,
MATCHED,inventory__asset_chain__content_rating_visibility,array(varchar),inventory__asset_chain__content_rating_visibility,array(varchar),,,,,,,,,,
MATCHED,inventory__asset_chain__content_rating_visibility__targetable,array(varchar),inventory__asset_chain__content_rating_visibility__targetable,array(varchar),,,,,,,,,,
MATCHED,inventory__asset_chain__content_rating_visibility__report_aggregate,array(varchar),inventory__asset_chain__content_rating_visibility__report_aggregate,array(varchar),,,,,,,,,,
MATCHED,inventory__asset_chain__content_rating_visibility__report_event,array(varchar),inventory__asset_chain__content_rating_visibility__report_event,array(varchar),,,,,,,,,,
MATCHED,inventory__asset_chain__standard_programmer_visibility,array(varchar),inventory__asset_chain__standard_programmer_visibility,array(varchar),,,,,,,,,,
MATCHED,inventory__asset_chain__standard_programmer_visibility__targetable,array(varchar),inventory__asset_chain__standard_programmer_visibility__targetable,array(varchar),,,,,,,,,,
MATCHED,inventory__asset_chain__standard_programmer_visibility__report_aggregate,array(varchar),inventory__asset_chain__standard_programmer_visibility__report_aggregate,array(varchar),,,,,,,,,,
MATCHED,inventory__asset_chain__standard_programmer_visibility__report_event,array(varchar),inventory__asset_chain__standard_programmer_visibility__report_event,array(varchar),,,,,,,,,,
MATCHED,inventory__asset_chain__content_form_visibility,array(varchar),inventory__asset_chain__content_form_visibility,array(varchar),,,,,,,,,,
MATCHED,inventory__asset_chain__content_form_visibility__targetable,array(varchar),inventory__asset_chain__content_form_visibility__targetable,array(varchar),,,,,,,,,,
MATCHED,inventory__asset_chain__content_form_visibility__report_aggregate,array(varchar),inventory__asset_chain__content_form_visibility__report_aggregate,array(varchar),,,,,,,,,,
MATCHED,inventory__asset_chain__content_form_visibility__report_event,array(varchar),inventory__asset_chain__content_form_visibility__report_event,array(varchar),,,,,,,,,,
MATCHED,inventory__asset_chain__standard_language_visibility,array(varchar),inventory__asset_chain__standard_language_visibility,array(varchar),,,,,,,,,,
MATCHED,inventory__asset_chain__standard_language_visibility__targetable,array(varchar),inventory__asset_chain__standard_language_visibility__targetable,array(varchar),,,,,,,,,,
MATCHED,inventory__asset_chain__standard_language_visibility__report_aggregate,array(varchar),inventory__asset_chain__standard_language_visibility__report_aggregate,array(varchar),,,,,,,,,,
MATCHED,inventory__asset_chain__standard_language_visibility__report_event,array(varchar),inventory__asset_chain__standard_language_visibility__report_event,array(varchar),,,,,,,,,,
MATCHED,inventory__asset_chain__standard_channel_visibility,array(varchar),inventory__asset_chain__standard_channel_visibility,array(varchar),,,,,,,,,,
MATCHED,inventory__asset_chain__standard_channel_visibility__targetable,array(varchar),inventory__asset_chain__standard_channel_visibility__targetable,array(varchar),,,,,,,,,,
MATCHED,inventory__asset_chain__standard_channel_visibility__report_aggregate,array(varchar),inventory__asset_chain__standard_channel_visibility__report_aggregate,array(varchar),,,,,,,,,,
MATCHED,inventory__asset_chain__standard_channel_visibility__report_event,array(varchar),inventory__asset_chain__standard_channel_visibility__report_event,array(varchar),,,,,,,,,,
MATCHED,inventory__asset_chain__standard_content_daypart_visibility,array(varchar),inventory__asset_chain__standard_content_daypart_visibility,array(varchar),,,,,,,,,,
MATCHED,inventory__asset_chain__standard_content_daypart_visibility__targetable,array(varchar),inventory__asset_chain__standard_content_daypart_visibility__targetable,array(varchar),,,,,,,,,,
MATCHED,inventory__asset_chain__standard_content_daypart_visibility__report_aggregate,array(varchar),inventory__asset_chain__standard_content_daypart_visibility__report_aggregate,array(varchar),,,,,,,,,,
MATCHED,inventory__asset_chain__standard_content_daypart_visibility__report_event,array(varchar),inventory__asset_chain__standard_content_daypart_visibility__report_event,array(varchar),,,,,,,,,,
MATCHED,inventory__asset_chain__standard_content_series_visibility,array(varchar),inventory__asset_chain__standard_content_series_visibility,array(varchar),,,,,,,,,,
MATCHED,inventory__asset_chain__standard_content_series_visibility__targetable,array(varchar),inventory__asset_chain__standard_content_series_visibility__targetable,array(varchar),,,,,,,,,,
MATCHED,inventory__asset_chain__standard_content_series_visibility__report_aggregate,array(varchar),inventory__asset_chain__standard_content_series_visibility__report_aggregate,array(varchar),,,,,,,,,,
MATCHED,inventory__asset_chain__standard_content_series_visibility__report_event,array(varchar),inventory__asset_chain__standard_content_series_visibility__report_event,array(varchar),,,,,,,,,,
MATCHED,inventory__asset_chain__standard_content_subscription_model_visibility,array(varchar),inventory__asset_chain__standard_content_subscription_model_visibility,array(varchar),,,,,,,,,,
MATCHED,inventory__asset_chain__standard_content_subscription_model_visibility__targetable,array(varchar),inventory__asset_chain__standard_content_subscription_model_visibility__targetable,array(varchar),,,,,,,,,,
MATCHED,inventory__asset_chain__standard_content_subscription_model_visibility__report_aggregate,array(varchar),inventory__asset_chain__standard_content_subscription_model_visibility__report_aggregate,array(varchar),,,,,,,,,,
MATCHED,inventory__asset_chain__standard_content_subscription_model_visibility__report_event,array(varchar),inventory__asset_chain__standard_content_subscription_model_visibility__report_event,array(varchar),,,,,,,,,,
MATCHED,inventory__asset_chain__standard_content_credential_status_visibility,array(varchar),inventory__asset_chain__standard_content_credential_status_visibility,array(varchar),,,,,,,,,,
MATCHED,inventory__asset_chain__standard_content_credential_status_visibility__targetable,array(varchar),inventory__asset_chain__standard_content_credential_status_visibility__targetable,array(varchar),,,,,,,,,,
MATCHED,inventory__asset_chain__standard_content_credential_status_visibility__report_aggregate,array(varchar),inventory__asset_chain__standard_content_credential_status_visibility__report_aggregate,array(varchar),,,,,,,,,,
MATCHED,inventory__asset_chain__standard_content_credential_status_visibility__report_event,array(varchar),inventory__asset_chain__standard_content_credential_status_visibility__report_event,array(varchar),,,,,,,,,,
MATCHED,inventory__asset_chain__standard_content_territory_visibility,array(varchar),inventory__asset_chain__standard_content_territory_visibility,array(varchar),,,,,,,,,,
MATCHED,inventory__asset_chain__standard_content_territory_visibility__targetable,array(varchar),inventory__asset_chain__standard_content_territory_visibility__targetable,array(varchar),,,,,,,,,,
MATCHED,inventory__asset_chain__standard_content_territory_visibility__report_aggregate,array(varchar),inventory__asset_chain__standard_content_territory_visibility__report_aggregate,array(varchar),,,,,,,,,,
MATCHED,inventory__asset_chain__standard_content_territory_visibility__report_event,array(varchar),inventory__asset_chain__standard_content_territory_visibility__report_event,array(varchar),,,,,,,,,,
MATCHED,inventory__site_section_chain,array(varchar),inventory__site_section_chain,array(varchar),,,,,,,,,,
MATCHED,inventory__site_section_chain__network_id,array(bigint),inventory__site_section_chain__network_id,array(bigint),,,,,,,,,,
MATCHED,inventory__site_section_chain__role,array(varchar),inventory__site_section_chain__role,array(varchar),,,,,,,,,,
MATCHED,inventory__site_section_chain__entity_source,array(varchar),inventory__site_section_chain__entity_source,array(varchar),,,,,,,,,,
DIFF,inventory__site_section_chain__flags,array(bigint),,,,,,,,,,,,No Backfill - Low Usage
MATCHED,inventory__site_section_chain__bit_flags,array(bigint),inventory__site_section_chain__bit_flags,array(bigint),,,,,,,,,,
MATCHED,inventory__site_section_chain__content_owner_network_id,array(bigint),inventory__site_section_chain__content_owner_network_id,array(bigint),,,,,,,,,,
MATCHED,inventory__site_section_chain__distributor_network_id,array(bigint),inventory__site_section_chain__distributor_network_id,array(bigint),,,,,,,,,,
DIFF,inventory__site_section_chain__reseller_network_id,array(bigint),,,,,,,,,,,,No Backfill - Low Usage
DIFF,inventory__site_section_chain__revenue,array(double),,,,,,,,,,,,No Backfill - Low Usage
DIFF,inventory__site_section_chain__content_owner_revenue,array(double),,,,,,,,,,,,No Backfill - Low Usage
DIFF,inventory__site_section_chain__distributor_revenue,array(double),,,,,,,,,,,,No Backfill - Low Usage
DIFF,inventory__site_section_chain__reseller_revenue,array(double),,,,,,,,,,,,No Backfill - Low Usage
DIFF,inventory__site_section_chain__bidding_revenue,array(double),,,,,,,,,,,,No Backfill - Low Usage
DIFF,inventory__site_section_chain__bidding_up_revenue,array(double),,,,,,,,,,,,No Backfill - Low Usage
DIFF,inventory__site_section_chain__content_owner_bidding_revenue,array(double),,,,,,,,,,,,No Backfill - Low Usage
DIFF,inventory__site_section_chain__content_owner_bidding_modified_revenue,array(double),,,,,,,,,,,,No Backfill - Low Usage
DIFF,inventory__site_section_chain__content_owner_bidding_original_revenue,array(double),,,,,,,,,,,,No Backfill - Low Usage
DIFF,inventory__site_section_chain__distributor_bidding_revenue,array(double),,,,,,,,,,,,No Backfill - Low Usage
DIFF,inventory__site_section_chain__reseller_bidding_revenue,array(double),,,,,,,,,,,,No Backfill - Low Usage
DIFF,inventory__site_section_chain__ssp_clearing_revenue,array(double),,,,,,,,,,,,No Backfill - Low Usage
DIFF,inventory__site_section_chain__margin,array(double),,,,,,,,,,,,No Backfill - Low Usage
DIFF,inventory__site_section_chain__competition_resellers,array(integer),,,,,,,,,,,,No Backfill - Low Usage
DIFF,inventory__site_section_chain__rule_id,array(bigint),,,,,,,,,,,,No Backfill - Low Usage
DIFF,inventory__site_section_chain__rule_ext_id,array(bigint),,,,,,,,,,,,No Backfill - Low Usage
DIFF,inventory__site_section_chain__rule_flags,array(bigint),,,,,,,,,,,,No Backfill - Low Usage
DIFF,inventory__site_section_chain__rule_type_priority,array(varchar),,,,,,,,,,,,No Backfill - Low Usage
DIFF,inventory__site_section_chain__unified_rule_priority,array(varchar),,,,,,,,,,,,No Backfill - Low Usage
DIFF,inventory__site_section_chain__unified_rule_priority__priority_tier,array(varchar),,,,,,,,,,,,No Backfill - Low Usage
DIFF,inventory__site_section_chain__unified_rule_priority__sub_priority_value,array(integer),,,,,,,,,,,,No Backfill - Low Usage
MATCHED,inventory__site_section_chain__asset_id,array(bigint),inventory__site_section_chain__asset_id,array(bigint),,,,,,,,,,
MATCHED,inventory__site_section_chain__site_section_id,array(bigint),inventory__site_section_chain__site_section_id,array(bigint),,,,,,,,,,
MATCHED,inventory__site_section_chain__series_id,array(bigint),inventory__site_section_chain__series_id,array(bigint),,,,,,,,,,
MATCHED,inventory__site_section_chain__site_id,array(bigint),inventory__site_section_chain__site_id,array(bigint),,,,,,,,,,
MATCHED,inventory__site_section_chain__asset_group_id,array(bigint),inventory__site_section_chain__asset_group_id,array(bigint),,,,,,,,,,
DIFF,inventory__site_section_chain__site_group_id,array(bigint),,,,,,,,,,,,No Backfill - Low Usage
MATCHED,inventory__site_section_chain__asset_group_ids,array(array(bigint)),inventory__site_section_chain__asset_group_ids,array(array(bigint)),0.06,,,,,,,,,
MATCHED,inventory__site_section_chain__site_section_group_ids,array(array(bigint)),inventory__site_section_chain__site_section_group_ids,array(array(bigint)),,,,,,,,,,
DIFF,inventory__site_section_chain__airing_channel_group_id,array(array(bigint)),,,,,,,,,,,,No Backfill - Low Usage
MATCHED,inventory__site_section_chain__airing_channel_id,array(bigint),inventory__site_section_chain__airing_channel_id,array(bigint),,,,,,,,,,
MATCHED,inventory__site_section_chain__airing_id,array(bigint),inventory__site_section_chain__airing_id,array(bigint),,,,,,,,,,
MATCHED,inventory__site_section_chain__break_id,array(bigint),inventory__site_section_chain__break_id,array(bigint),,,,,,,,,,
MATCHED,inventory__site_section_chain__opportunity_id,array(bigint),inventory__site_section_chain__opportunity_id,array(bigint),,,,,,,,,,
MATCHED,inventory__site_section_chain__scenario_id,array(bigint),inventory__site_section_chain__scenario_id,array(bigint),,,,,,,,,,
MATCHED,inventory__site_section_chain__postal_code_package_id,array(array(integer)),inventory__site_section_chain__postal_code_package_id,array(array(integer)),,,,,,,,,,
DIFF,inventory__site_section_chain__edge_postal_code_package_ids,array(array(integer)),,,,,,,,,,,,No Backfill - Low Usage
DIFF,inventory__site_section_chain__inbound_rule_id,array(bigint),,,,,,,,,,,,No Backfill - Low Usage
DIFF,inventory__site_section_chain__listing_id,array(array(bigint)),,,,,,,,,,,,No Backfill - Low Usage
DIFF,inventory__site_section_chain__inbound_listing_id,array(array(bigint)),,,,,,,,,,,,No Backfill - Low Usage
DIFF,inventory__site_section_chain__inbound_order_id,array(bigint),,,,,,,,,,,,No Backfill - Low Usage
DIFF,inventory__site_section_chain__inbound_order_type,array(varchar),,,,,,,,,,,,No Backfill - Low Usage
DIFF,inventory__site_section_chain__inbound_order_auction_type,array(varchar),,,,,,,,,,,,No Backfill - Low Usage
DIFF,inventory__site_section_chain__inbound_order_transaction_type,array(varchar),,,,,,,,,,,,No Backfill - Low Usage
DIFF,inventory__site_section_chain__upstream_inbound_order_id,array(bigint),,,,,,,,,,,,No Backfill - Low Usage
DIFF,inventory__site_section_chain__upstream_global_currency_id,array(bigint),,,,,,,,,,,,No Backfill - Low Usage
DIFF,inventory__site_section_chain__upstream_content_owner_revenue_in_up_currency,array(double),,,,,,,,,,,,No Backfill - Low Usage
DIFF,inventory__site_section_chain__outbound_order_id,array(bigint),,,,,,,,,,,,No Backfill - Low Usage
DIFF,inventory__site_section_chain__outbound_order_type,array(varchar),,,,,,,,,,,,No Backfill - Low Usage
DIFF,inventory__site_section_chain__outbound_exchange_order_id,array(bigint),,,,,,,,,,,,No Backfill - Low Usage
DIFF,inventory__site_section_chain__outbound_listing_id,array(array(bigint)),,,,,,,,,,,,No Backfill - Low Usage
DIFF,inventory__site_section_chain__unified_outbound_order_priority,array(varchar),,,,,,,,,,,,No Backfill - Low Usage
DIFF,inventory__site_section_chain__unified_outbound_order_priority__priority_tier,array(varchar),,,,,,,,,,,,No Backfill - Low Usage
DIFF,inventory__site_section_chain__unified_outbound_order_priority__sub_priority_value,array(integer),,,,,,,,,,,,No Backfill - Low Usage
DIFF,inventory__site_section_chain__outbound_order_transaction_type,array(varchar),,,,,,,,,,,,No Backfill - Low Usage
DIFF,inventory__site_section_chain__outbound_order_priority_type,array(varchar),,,,,,,,,,,,No Backfill - Low Usage
DIFF,inventory__site_section_chain__avails_category,array(varchar),,,,,,,,,,,,No Backfill - Low Usage
DIFF,inventory__site_section_chain__avails_category__avails,array(integer),,,,,,,,,,,,No Backfill - Low Usage
DIFF,inventory__site_section_chain__avails_category__unfilled_avails,array(integer),,,,,,,,,,,,No Backfill - Low Usage
DIFF,inventory__site_section_chain__avails_category__unconstrained_avails,array(integer),,,,,,,,,,,,No Backfill - Low Usage
DIFF,inventory__site_section_chain__avails_category__market_avails,array(integer),,,,,,,,,,,,No Backfill - Low Usage
DIFF,inventory__site_section_chain__avails_category__ssp_avails,array(integer),,,,,,,,,,,,No Backfill - Low Usage
DIFF,inventory__site_section_chain__avails_category__avails_in_played_slot,array(integer),,,,,,,,,,,,No Backfill - Low Usage
DIFF,inventory__site_section_chain__avails_category__unfilled_avails_in_played_slot,array(integer),,,,,,,,,,,,No Backfill - Low Usage
DIFF,inventory__site_section_chain__avails_category__unconstrained_avails_in_played_slot,array(integer),,,,,,,,,,,,No Backfill - Low Usage
DIFF,inventory__site_section_chain__avails_category__raw_total_avails_in_played_slot,array(integer),,,,,,,,,,,,No Backfill - Low Usage
DIFF,inventory__site_section_chain__avails_category__market_avails_in_played_slot,array(integer),,,,,,,,,,,,No Backfill - Low Usage
DIFF,inventory__site_section_chain__avails_category__ssp_avails_in_played_slot,array(integer),,,,,,,,,,,,No Backfill - Low Usage
DIFF,inventory__site_section_chain__avails_category__total_avails,array(integer),,,,,,,,,,,,No Backfill - Low Usage
DIFF,inventory__site_section_chain__avails_category__total_unfilled_avails,array(integer),,,,,,,,,,,,No Backfill - Low Usage
DIFF,inventory__site_section_chain__avails_category__opportunity,array(integer),,,,,,,,,,,,No Backfill - Low Usage
DIFF,inventory__site_section_chain__avails_category__total_avails_in_played_slot,array(integer),,,,,,,,,,,,No Backfill - Low Usage
DIFF,inventory__site_section_chain__avails_category__total_unfilled_avails_in_played_slot,array(integer),,,,,,,,,,,,No Backfill - Low Usage
DIFF,inventory__site_section_chain__avails_category__opportunity_in_played_slot,array(integer),,,,,,,,,,,,No Backfill - Low Usage
DIFF,inventory__site_section_chain__avails_category__raw_opportunity_in_played_slot,array(integer),,,,,,,,,,,,No Backfill - Low Usage
DIFF,inventory__site_section_chain__avails_category__slot_opp_avails_in_played_slot,array(integer),,,,,,,,,,,,No Backfill - Low Usage
DIFF,inventory__site_section_chain__avails_category__remaining_avails,array(integer),,,,,,,,,,,,No Backfill - Low Usage
DIFF,inventory__site_section_chain__avails_category__vod_programmer_total_avails,array(integer),,,,,,,,,,,,No Backfill - Low Usage
DIFF,inventory__site_section_chain__avails_category__distinct_inventory_avails,array(bigint),,,,,,,,,,,,No Backfill - Low Usage
DIFF,inventory__site_section_chain__avails_category__inventory_avails,array(bigint),,,,,,,,,,,,No Backfill - Low Usage
DIFF,inventory__site_section_chain__avails_category__raw_inventory_distinct_avails_in_played_slot,array(bigint),,,,,,,,,,,,No Backfill - Low Usage
DIFF,inventory__site_section_chain__avails_category__supply_avails,array(bigint),,,,,,,,,,,,No Backfill - Low Usage
DIFF,inventory__site_section_chain__outbound_rules,array(array(varchar)),,,,,,,,,,,,No Backfill - Low Usage
DIFF,inventory__site_section_chain__outbound_rules__rule_id,array(array(bigint)),,,,,,,,,,,,No Backfill - Low Usage
DIFF,inventory__site_section_chain__outbound_rules__total_opp,array(array(bigint)),,,,,,,,,,,,No Backfill - Low Usage
DIFF,inventory__site_section_chain__outbound_rules__win_opp,array(array(bigint)),,,,,,,,,,,,No Backfill - Low Usage
DIFF,inventory__site_section_chain__eligible_outbound_orders,array(array(varchar)),,,,,,,,,,,,No Backfill - Low Usage
DIFF,inventory__site_section_chain__eligible_outbound_orders__down_network_id,array(array(bigint)),,,,,,,,,,,,No Backfill - Low Usage
DIFF,inventory__site_section_chain__eligible_outbound_orders__order_id,array(array(bigint)),,,,,,,,,,,,No Backfill - Low Usage
DIFF,inventory__site_section_chain__eligible_outbound_orders__order_type,array(array(varchar)),,,,,,,,,,,,No Backfill - Low Usage
DIFF,inventory__site_section_chain__eligible_outbound_orders__exchange_order_id,array(array(bigint)),,,,,,,,,,,,No Backfill - Low Usage
DIFF,inventory__site_section_chain__eligible_outbound_orders__listing_id,array(array(array(bigint))),,,,,,,,,,,,No Backfill - Low Usage
DIFF,inventory__site_section_chain__eligible_outbound_orders__matched_inventory_package_ids,array(array(array(bigint))),,,,,,,,,,,,No Backfill - Low Usage
DIFF,inventory__site_section_chain__eligible_outbound_orders__bit_flags,array(array(bigint)),,,,,,,,,,,,No Backfill - Low Usage
DIFF,inventory__site_section_chain__eligible_outbound_orders__order_transaction_type,array(array(varchar)),,,,,,,,,,,,No Backfill - Low Usage
DIFF,inventory__site_section_chain__eligible_outbound_orders__order_priority,array(array(varchar)),,,,,,,,,,,,No Backfill - Low Usage
DIFF,inventory__site_section_chain__eligible_outbound_orders__sales_channel,array(array(integer)),,,,,,,,,,,,No Backfill - Low Usage
DIFF,inventory__site_section_chain__eligible_outbound_orders__avails_category,array(array(varchar)),,,,,,,,,,,,No Backfill - Low Usage
DIFF,inventory__site_section_chain__eligible_outbound_orders__avails_category__avails,array(array(integer)),,,,,,,,,,,,No Backfill - Low Usage
DIFF,inventory__site_section_chain__eligible_outbound_orders__avails_category__unfilled_avails,array(array(integer)),,,,,,,,,,,,No Backfill - Low Usage
DIFF,inventory__site_section_chain__eligible_outbound_orders__avails_category__unconstrained_avails,array(array(integer)),,,,,,,,,,,,No Backfill - Low Usage
DIFF,inventory__site_section_chain__eligible_outbound_orders__avails_category__market_avails,array(array(integer)),,,,,,,,,,,,No Backfill - Low Usage
DIFF,inventory__site_section_chain__eligible_outbound_orders__avails_category__ssp_avails,array(array(integer)),,,,,,,,,,,,No Backfill - Low Usage
DIFF,inventory__site_section_chain__eligible_outbound_orders__avails_category__avails_in_played_slot,array(array(integer)),,,,,,,,,,,,No Backfill - Low Usage
DIFF,inventory__site_section_chain__eligible_outbound_orders__avails_category__unfilled_avails_in_played_slot,array(array(integer)),,,,,,,,,,,,No Backfill - Low Usage
DIFF,inventory__site_section_chain__eligible_outbound_orders__avails_category__unconstrained_avails_in_played_slot,array(array(integer)),,,,,,,,,,,,No Backfill - Low Usage
DIFF,inventory__site_section_chain__eligible_outbound_orders__avails_category__raw_total_avails_in_played_slot,array(array(integer)),,,,,,,,,,,,No Backfill - Low Usage
DIFF,inventory__site_section_chain__eligible_outbound_orders__avails_category__market_avails_in_played_slot,array(array(integer)),,,,,,,,,,,,No Backfill - Low Usage
DIFF,inventory__site_section_chain__eligible_outbound_orders__avails_category__ssp_avails_in_played_slot,array(array(integer)),,,,,,,,,,,,No Backfill - Low Usage
DIFF,inventory__site_section_chain__eligible_outbound_orders__avails_category__total_avails,array(array(integer)),,,,,,,,,,,,No Backfill - Low Usage
DIFF,inventory__site_section_chain__eligible_outbound_orders__avails_category__total_unfilled_avails,array(array(integer)),,,,,,,,,,,,No Backfill - Low Usage
DIFF,inventory__site_section_chain__eligible_outbound_orders__avails_category__opportunity,array(array(integer)),,,,,,,,,,,,No Backfill - Low Usage
DIFF,inventory__site_section_chain__eligible_outbound_orders__avails_category__total_avails_in_played_slot,array(array(integer)),,,,,,,,,,,,No Backfill - Low Usage
DIFF,inventory__site_section_chain__eligible_outbound_orders__avails_category__total_unfilled_avails_in_played_slot,array(array(integer)),,,,,,,,,,,,No Backfill - Low Usage
DIFF,inventory__site_section_chain__eligible_outbound_orders__avails_category__opportunity_in_played_slot,array(array(integer)),,,,,,,,,,,,No Backfill - Low Usage
DIFF,inventory__site_section_chain__eligible_outbound_orders__avails_category__raw_opportunity_in_played_slot,array(array(integer)),,,,,,,,,,,,No Backfill - Low Usage
DIFF,inventory__site_section_chain__eligible_outbound_orders__avails_category__slot_opp_avails_in_played_slot,array(array(integer)),,,,,,,,,,,,No Backfill - Low Usage
DIFF,inventory__site_section_chain__eligible_outbound_orders__avails_category__remaining_avails,array(array(integer)),,,,,,,,,,,,No Backfill - Low Usage
DIFF,inventory__site_section_chain__eligible_outbound_orders__avails_category__vod_programmer_total_avails,array(array(integer)),,,,,,,,,,,,No Backfill - Low Usage
DIFF,inventory__site_section_chain__eligible_outbound_orders__avails_category__distinct_inventory_avails,array(array(bigint)),,,,,,,,,,,,No Backfill - Low Usage
DIFF,inventory__site_section_chain__eligible_outbound_orders__avails_category__inventory_avails,array(array(bigint)),,,,,,,,,,,,No Backfill - Low Usage
DIFF,inventory__site_section_chain__eligible_outbound_orders__avails_category__raw_inventory_distinct_avails_in_played_slot,array(array(bigint)),,,,,,,,,,,,No Backfill - Low Usage
DIFF,inventory__site_section_chain__eligible_outbound_orders__avails_category__supply_avails,array(array(bigint)),,,,,,,,,,,,No Backfill - Low Usage
DIFF,inventory__site_section_chain__eligible_outbound_orders__count_true_avails_as_booked,array(array(boolean)),,,,,,,,,,,,No Backfill - Low Usage
DIFF,inventory__site_section_chain__eligible_outbound_orders__ad_filling_status,array(array(varchar)),,,,,,,,,,,,No Backfill - Low Usage
DIFF,inventory__site_section_chain__eligible_outbound_orders__ad_filling_status__available_duration,array(array(integer)),,,,,,,,,,,,No Backfill - Low Usage
DIFF,inventory__site_section_chain__eligible_outbound_orders__ad_filling_status__filled_ad_num,array(array(integer)),,,,,,,,,,,,No Backfill - Low Usage
DIFF,inventory__site_section_chain__eligible_outbound_orders__ad_filling_status__filled_duration,array(array(integer)),,,,,,,,,,,,No Backfill - Low Usage
DIFF,inventory__site_section_chain__eligible_outbound_orders__ad_filling_status__unified_unfilled_opp,array(array(integer)),,,,,,,,,,,,No Backfill - Low Usage
DIFF,inventory__site_section_chain__eligible_outbound_orders__ad_filling_status__default_unfilled_opp,array(array(integer)),,,,,,,,,,,,No Backfill - Low Usage
DIFF,inventory__site_section_chain__eligible_outbound_orders__ad_filling_status__initial_filled_ad_num,array(array(integer)),,,,,,,,,,,,No Backfill - Low Usage
DIFF,inventory__site_section_chain__eligible_outbound_orders__ad_filling_status__initial_filled_duration,array(array(integer)),,,,,,,,,,,,No Backfill - Low Usage
DIFF,inventory__site_section_chain__outbound_exchange_listings,array(array(varchar)),,,,,,,,,,,,No Backfill - Low Usage
DIFF,inventory__site_section_chain__outbound_exchange_listings__listing_ids,array(array(array(bigint))),,,,,,,,,,,,No Backfill - Low Usage
DIFF,inventory__site_section_chain__outbound_exchange_listings__avails_metrics,array(array(varchar)),,,,,,,,,,,,No Backfill - Low Usage
DIFF,inventory__site_section_chain__outbound_exchange_listings__avails_metrics__default_duration,array(array(integer)),,,,,,,,,,,,No Backfill - Low Usage
DIFF,inventory__site_section_chain__outbound_exchange_listings__avails_metrics__opportunity,array(array(integer)),,,,,,,,,,,,No Backfill - Low Usage
DIFF,inventory__site_section_chain__outbound_exchange_listings__avails_metrics__avails,array(array(integer)),,,,,,,,,,,,No Backfill - Low Usage
DIFF,inventory__site_section_chain__outbound_exchange_listings__avails_metrics__unfilled_avails,array(array(integer)),,,,,,,,,,,,No Backfill - Low Usage
MATCHED,inventory__site_section_chain__visible_concrete_event_id,array(array(bigint)),inventory__site_section_chain__visible_concrete_event_id,array(array(bigint)),,,,,,,,,,
MATCHED,inventory__site_section_chain__tracked_audience_item_ids,array(array(bigint)),inventory__site_section_chain__tracked_audience_item_ids,array(array(bigint)),0.07,,,,,,,,,
MATCHED,inventory__site_section_chain__non_tracked_audience_item_ids,array(array(bigint)),inventory__site_section_chain__non_tracked_audience_item_ids,array(array(bigint)),,,,,,,,,,
DIFF,inventory__site_section_chain__marketplace_audience_extension_deal_ids,array(array(bigint)),,,,,,,,,,,,No Backfill - Low Usage
MATCHED,inventory__site_section_chain__portfolio_ids,array(array(bigint)),inventory__site_section_chain__portfolio_ids,array(array(bigint)),,,,,,,,,,
MATCHED,inventory__site_section_chain__custom_platform_ids,array(array(bigint)),inventory__site_section_chain__custom_platform_ids,array(array(bigint)),,,,,,,,,,
MATCHED,inventory__site_section_chain__region_ids,array(array(bigint)),inventory__site_section_chain__region_ids,array(array(bigint)),,,,,,,,,,
MATCHED,inventory__site_section_chain__network_execution_ctx_index,array(integer),inventory__site_section_chain__network_execution_ctx_index,array(integer),,,,,,,,,,
MATCHED,inventory__site_section_chain__network_execution_ctx_flags,array(bigint),inventory__site_section_chain__network_execution_ctx_flags,array(bigint),,,,,,,,,,
DIFF,inventory__site_section_chain__network_is_ad_owner,array(boolean),,,,,,,,,,,,No Backfill - Low Usage
DIFF,inventory__site_section_chain__network_is_ad_unit_owner,array(boolean),,,,,,,,,,,,No Backfill - Low Usage
DIFF,inventory__site_section_chain__network_is_extra_item_owner,array(boolean),,,,,,,,,,,,No Backfill - Low Usage
DIFF,inventory__site_section_chain__network_is_vod_programmer,array(boolean),,,,,,,,,,,,No Backfill - Low Usage
DIFF,inventory__site_section_chain__count_imp_as_booked,array(boolean),,,,,,,,,,,,No Backfill - Low Usage
DIFF,inventory__site_section_chain__deal_awareability,array(boolean),,,,,,,,,,,,No Backfill - Low Usage
DIFF,inventory__site_section_chain__demand_dim_awareability,array(boolean),,,,,,,,,,,,No Backfill - Low Usage
DIFF,inventory__site_section_chain__carriage_inventory_owner_id,array(bigint),,,,,,,,,,,,No Backfill - Low Usage
DIFF,inventory__site_section_chain__carriage_listing_split_unit_id,array(bigint),,,,,,,,,,,,No Backfill - Low Usage
DIFF,inventory__site_section_chain__eligible_carriage_listing_split_unit_ids,array(array(bigint)),,,,,,,,,,,,No Backfill - Low Usage
DIFF,inventory__site_section_chain__ad_priority_bucket,array(varchar),,,,,,,,,,,,No Backfill - Low Usage
DIFF,inventory__site_section_chain__supply_source,array(integer),,,,,,,,,,,,No Backfill - Low Usage
DIFF,inventory__site_section_chain__supply_source_type,array(varchar),,,,,,,,,,,,No Backfill - Low Usage
DIFF,inventory__site_section_chain__sales_channel,array(integer),,,,,,,,,,,,No Backfill - Low Usage
DIFF,inventory__site_section_chain__programmatic_exchange_rate_to_usd,array(double),,,,,,,,,,,,No Backfill - Low Usage
DIFF,inventory__site_section_chain__programmatic_exchange_rate_to_eur,array(double),,,,,,,,,,,,No Backfill - Low Usage
DIFF,inventory__site_section_chain__bidder_seat_id,array(bigint),,,,,,,,,,,,No Backfill - Low Usage
DIFF,inventory__site_section_chain__global_currency_id,array(bigint),,,,,,,,,,,,No Backfill - Low Usage
DIFF,inventory__site_section_chain__floor_price,array(double),,,,,,,,,,,,No Backfill - Low Usage
DIFF,inventory__site_section_chain__ad_unit_default_duration,array(integer),,,,,,,,,,,,No Backfill - Low Usage
DIFF,inventory__site_section_chain__ad_filling_status,array(varchar),,,,,,,,,,,,No Backfill - Low Usage
DIFF,inventory__site_section_chain__ad_filling_status__available_duration,array(integer),,,,,,,,,,,,No Backfill - Low Usage
DIFF,inventory__site_section_chain__ad_filling_status__filled_ad_num,array(integer),,,,,,,,,,,,No Backfill - Low Usage
DIFF,inventory__site_section_chain__ad_filling_status__filled_duration,array(integer),,,,,,,,,,,,No Backfill - Low Usage
DIFF,inventory__site_section_chain__ad_filling_status__unified_unfilled_opp,array(integer),,,,,,,,,,,,No Backfill - Low Usage
DIFF,inventory__site_section_chain__ad_filling_status__default_unfilled_opp,array(integer),,,,,,,,,,,,No Backfill - Low Usage
DIFF,inventory__site_section_chain__ad_filling_status__initial_filled_ad_num,array(integer),,,,,,,,,,,,No Backfill - Low Usage
DIFF,inventory__site_section_chain__ad_filling_status__initial_filled_duration,array(integer),,,,,,,,,,,,No Backfill - Low Usage
DIFF,inventory__site_section_chain__priority_tier,array(varchar),,,,,,,,,,,,No Backfill - Low Usage
DIFF,inventory__site_section_chain__priority_value,array(integer),,,,,,,,,,,,No Backfill - Low Usage
DIFF,inventory__site_section_chain__priority_type,array(varchar),,,,,,,,,,,,No Backfill - Low Usage
DIFF,inventory__site_section_chain__supply_acquisition_cost,array(double),,,,,,,,,,,,No Backfill - Low Usage
DIFF,inventory__site_section_chain__supply_distribution_cost,array(double),,,,,,,,,,,,No Backfill - Low Usage
DIFF,inventory__site_section_chain__internal_deal_ids,array(array(bigint)),,,,,,,,,,,,No Backfill - Low Usage
DIFF,inventory__site_section_chain__inbound_order_ids,array(array(bigint)),,,,,,,,,,,,No Backfill - Low Usage
DIFF,inventory__site_section_chain__inbound_listing_ids,array(array(bigint)),,,,,,,,,,,,No Backfill - Low Usage
DIFF,inventory__site_section_chain__buyer_ids,array(array(bigint)),,,,,,,,,,,,No Backfill - Low Usage
DIFF,inventory__site_section_chain__internal_seat_ids,array(array(bigint)),,,,,,,,,,,,No Backfill - Low Usage
DIFF,inventory__site_section_chain__outbound_order_ids,array(array(bigint)),,,,,,,,,,,,No Backfill - Low Usage
DIFF,inventory__site_section_chain__outbound_exchange_order_ids,array(array(bigint)),,,,,,,,,,,,No Backfill - Low Usage
DIFF,inventory__site_section_chain__matched_yield_optimization_ids,array(array(bigint)),,,,,,,,,,,,No Backfill - Low Usage
DIFF,inventory__site_section_chain__selected_yield_optimization_ids,array(array(bigint)),,,,,,,,,,,,No Backfill - Low Usage
DIFF,inventory__site_section_chain__selected_yield_optimization_info_ids,array(array(array(bigint))),,,,,,,,,,,,No Backfill - Low Usage
DIFF,inventory__site_section_chain__matched_inventory_package_ids,array(array(bigint)),,,,,,,,,,,,No Backfill - Low Usage
MATCHED,inventory__site_section_chain__inventory_package_ids,array(array(bigint)),inventory__site_section_chain__inventory_package_ids,array(array(bigint)),0.33,,,,,,,,,
DIFF,inventory__site_section_chain__matched_audience_item_ids,array(array(bigint)),,,,,,,,,,,,No Backfill - Low Usage
DIFF,inventory__site_section_chain__matched_key_value_ids,array(array(bigint)),,,,,,,,,,,,No Backfill - Low Usage
DIFF,inventory__site_section_chain__matched_daypart,array(boolean),,,,,,,,,,,,No Backfill - Low Usage
DIFF,inventory__site_section_chain__network_selection_info,array(varchar),,,,,,,,,,,,No Backfill - Low Usage
DIFF,inventory__site_section_chain__network_selection_info__candidate_ad_funnel_metrics,array(array(varchar)),,,,,,,,,,,,No Backfill - Low Usage
DIFF,inventory__site_section_chain__network_selection_info__candidate_ad_funnel_metrics__ad_targeting_metrics,array(array(varchar)),,,,,,,,,,,,No Backfill - Low Usage
DIFF,inventory__site_section_chain__network_selection_info__candidate_ad_funnel_metrics__ad_targeting_metrics__input_ad_number,array(array(integer)),,,,,,,,,,,,No Backfill - Low Usage
DIFF,inventory__site_section_chain__network_selection_info__candidate_ad_funnel_metrics__ad_targeting_metrics__output_ad_number,array(array(integer)),,,,,,,,,,,,No Backfill - Low Usage
DIFF,inventory__site_section_chain__network_selection_info__candidate_ad_funnel_metrics__ad_targeting_metrics__data_privacy,array(array(integer)),,,,,,,,,,,,No Backfill - Low Usage
DIFF,inventory__site_section_chain__network_selection_info__candidate_ad_funnel_metrics__ad_targeting_metrics__restriction,array(array(integer)),,,,,,,,,,,,No Backfill - Low Usage
DIFF,inventory__site_section_chain__network_selection_info__candidate_ad_funnel_metrics__ad_targeting_metrics__unmapped,array(array(integer)),,,,,,,,,,,,No Backfill - Low Usage
DIFF,inventory__site_section_chain__network_selection_info__candidate_ad_funnel_metrics__ad_targeting_metrics__undefined,array(array(integer)),,,,,,,,,,,,No Backfill - Low Usage
DIFF,inventory__site_section_chain__network_selection_info__candidate_ad_funnel_metrics__ad_filtering_metrics,array(array(varchar)),,,,,,,,,,,,No Backfill - Low Usage
DIFF,inventory__site_section_chain__network_selection_info__candidate_ad_funnel_metrics__ad_filtering_metrics__input_ad_number,array(array(integer)),,,,,,,,,,,,No Backfill - Low Usage
DIFF,inventory__site_section_chain__network_selection_info__candidate_ad_funnel_metrics__ad_filtering_metrics__output_ad_number,array(array(integer)),,,,,,,,,,,,No Backfill - Low Usage
DIFF,inventory__site_section_chain__network_selection_info__candidate_ad_funnel_metrics__ad_filtering_metrics__no_ad_domain,array(array(integer)),,,,,,,,,,,,No Backfill - Low Usage
DIFF,inventory__site_section_chain__network_selection_info__candidate_ad_funnel_metrics__ad_filtering_metrics__no_slot_assigned_through_mrm_rule,array(array(integer)),,,,,,,,,,,,No Backfill - Low Usage
DIFF,inventory__site_section_chain__network_selection_info__candidate_ad_funnel_metrics__ad_filtering_metrics__frequency_cap,array(array(integer)),,,,,,,,,,,,No Backfill - Low Usage
DIFF,inventory__site_section_chain__network_selection_info__candidate_ad_funnel_metrics__ad_filtering_metrics__cpx_check_failed,array(array(integer)),,,,,,,,,,,,No Backfill - Low Usage
DIFF,inventory__site_section_chain__network_selection_info__candidate_ad_funnel_metrics__ad_filtering_metrics__met_schedule,array(array(integer)),,,,,,,,,,,,No Backfill - Low Usage
DIFF,inventory__site_section_chain__network_selection_info__candidate_ad_funnel_metrics__ad_filtering_metrics__rbp_check_failed,array(array(integer)),,,,,,,,,,,,No Backfill - Low Usage
DIFF,inventory__site_section_chain__network_selection_info__candidate_ad_funnel_metrics__ad_filtering_metrics__no_applicable_slot,array(array(integer)),,,,,,,,,,,,No Backfill - Low Usage
DIFF,inventory__site_section_chain__network_selection_info__candidate_ad_funnel_metrics__ad_filtering_metrics__sponsorship_check_failed,array(array(integer)),,,,,,,,,,,,No Backfill - Low Usage
DIFF,inventory__site_section_chain__network_selection_info__candidate_ad_funnel_metrics__ad_filtering_metrics__exclusivity_check_failed,array(array(integer)),,,,,,,,,,,,No Backfill - Low Usage
DIFF,inventory__site_section_chain__network_selection_info__candidate_ad_funnel_metrics__ad_filtering_metrics__no_applicable_slot_user_experience,array(array(integer)),,,,,,,,,,,,No Backfill - Low Usage
DIFF,inventory__site_section_chain__network_selection_info__candidate_ad_funnel_metrics__ad_filtering_metrics__no_applicable_slot_no_external_rule,array(array(integer)),,,,,,,,,,,,No Backfill - Low Usage
DIFF,inventory__site_section_chain__network_selection_info__candidate_ad_funnel_metrics__ad_filtering_metrics__no_applicable_slot_not_resellable,array(array(integer)),,,,,,,,,,,,No Backfill - Low Usage
DIFF,inventory__site_section_chain__network_selection_info__candidate_ad_funnel_metrics__ad_filtering_metrics__no_applicable_slot_promo_only,array(array(integer)),,,,,,,,,,,,No Backfill - Low Usage
DIFF,inventory__site_section_chain__network_selection_info__candidate_ad_funnel_metrics__ad_filtering_metrics__no_applicable_slot_not_compatible,array(array(integer)),,,,,,,,,,,,No Backfill - Low Usage
DIFF,inventory__site_section_chain__network_selection_info__candidate_ad_funnel_metrics__ad_filtering_metrics__met_budget,array(array(integer)),,,,,,,,,,,,No Backfill - Low Usage
DIFF,inventory__site_section_chain__network_selection_info__candidate_ad_funnel_metrics__ad_filtering_metrics__met_yield_optimization,array(array(integer)),,,,,,,,,,,,No Backfill - Low Usage
DIFF,inventory__site_section_chain__network_selection_info__candidate_ad_funnel_metrics__ad_filtering_metrics__unmapped,array(array(integer)),,,,,,,,,,,,No Backfill - Low Usage
DIFF,inventory__site_section_chain__network_selection_info__candidate_ad_funnel_metrics__ad_filtering_metrics__undefined,array(array(integer)),,,,,,,,,,,,No Backfill - Low Usage
DIFF,inventory__site_section_chain__network_selection_info__candidate_ad_funnel_metrics__ad_filtering_metrics__ad_truncation,array(array(integer)),,,,,,,,,,,,No Backfill - Low Usage
DIFF,inventory__site_section_chain__network_selection_info__candidate_ad_funnel_metrics__ad_creative_checking_metrics,array(array(varchar)),,,,,,,,,,,,No Backfill - Low Usage
DIFF,inventory__site_section_chain__network_selection_info__candidate_ad_funnel_metrics__ad_creative_checking_metrics__input_ad_number,array(array(integer)),,,,,,,,,,,,No Backfill - Low Usage
DIFF,inventory__site_section_chain__network_selection_info__candidate_ad_funnel_metrics__ad_creative_checking_metrics__output_ad_number,array(array(integer)),,,,,,,,,,,,No Backfill - Low Usage
DIFF,inventory__site_section_chain__network_selection_info__candidate_ad_funnel_metrics__ad_creative_checking_metrics__frequency_cap,array(array(integer)),,,,,,,,,,,,No Backfill - Low Usage
DIFF,inventory__site_section_chain__network_selection_info__candidate_ad_funnel_metrics__ad_creative_checking_metrics__no_applicable_slot,array(array(integer)),,,,,,,,,,,,No Backfill - Low Usage
DIFF,inventory__site_section_chain__network_selection_info__candidate_ad_funnel_metrics__ad_creative_checking_metrics__compliance_check_failed,array(array(integer)),,,,,,,,,,,,No Backfill - Low Usage
DIFF,inventory__site_section_chain__network_selection_info__candidate_ad_funnel_metrics__ad_creative_checking_metrics__no_creative,array(array(integer)),,,,,,,,,,,,No Backfill - Low Usage
DIFF,inventory__site_section_chain__network_selection_info__candidate_ad_funnel_metrics__ad_creative_checking_metrics__no_suitable_rule_path,array(array(integer)),,,,,,,,,,,,No Backfill - Low Usage
DIFF,inventory__site_section_chain__network_selection_info__candidate_ad_funnel_metrics__ad_creative_checking_metrics__profile_check_failed,array(array(integer)),,,,,,,,,,,,No Backfill - Low Usage
DIFF,inventory__site_section_chain__network_selection_info__candidate_ad_funnel_metrics__ad_creative_checking_metrics__floor_price_not_met,array(array(integer)),,,,,,,,,,,,No Backfill - Low Usage
DIFF,inventory__site_section_chain__network_selection_info__candidate_ad_funnel_metrics__ad_creative_checking_metrics__restriction,array(array(integer)),,,,,,,,,,,,No Backfill - Low Usage
DIFF,inventory__site_section_chain__network_selection_info__candidate_ad_funnel_metrics__ad_creative_checking_metrics__exclusivity,array(array(integer)),,,,,,,,,,,,No Backfill - Low Usage
DIFF,inventory__site_section_chain__network_selection_info__candidate_ad_funnel_metrics__ad_creative_checking_metrics__pg_deal_bid_throttling,array(array(integer)),,,,,,,,,,,,No Backfill - Low Usage
DIFF,inventory__site_section_chain__network_selection_info__candidate_ad_funnel_metrics__ad_creative_checking_metrics__auction_max_ad_duration,array(array(integer)),,,,,,,,,,,,No Backfill - Low Usage
DIFF,inventory__site_section_chain__network_selection_info__candidate_ad_funnel_metrics__ad_creative_checking_metrics__reseller_restriction,array(array(integer)),,,,,,,,,,,,No Backfill - Low Usage
DIFF,inventory__site_section_chain__network_selection_info__candidate_ad_funnel_metrics__ad_creative_checking_metrics__market_ad_not_approved,array(array(integer)),,,,,,,,,,,,No Backfill - Low Usage
DIFF,inventory__site_section_chain__network_selection_info__candidate_ad_funnel_metrics__ad_creative_checking_metrics__listing_creative_duration_check_failed,array(array(integer)),,,,,,,,,,,,No Backfill - Low Usage
DIFF,inventory__site_section_chain__network_selection_info__candidate_ad_funnel_metrics__ad_creative_checking_metrics__no_creative_ad_asset_store_availability,array(array(integer)),,,,,,,,,,,,No Backfill - Low Usage
DIFF,inventory__site_section_chain__network_selection_info__candidate_ad_funnel_metrics__ad_creative_checking_metrics__no_creative_bitrate_check_failed,array(array(integer)),,,,,,,,,,,,No Backfill - Low Usage
DIFF,inventory__site_section_chain__network_selection_info__candidate_ad_funnel_metrics__ad_creative_checking_metrics__no_creative_creative_targeting_check_failed,array(array(integer)),,,,,,,,,,,,No Backfill - Low Usage
DIFF,inventory__site_section_chain__network_selection_info__candidate_ad_funnel_metrics__ad_creative_checking_metrics__no_creative_date_range_check_failed,array(array(integer)),,,,,,,,,,,,No Backfill - Low Usage
DIFF,inventory__site_section_chain__network_selection_info__candidate_ad_funnel_metrics__ad_creative_checking_metrics__no_creative_slot_max_ad_duration_check_failed,array(array(integer)),,,,,,,,,,,,No Backfill - Low Usage
DIFF,inventory__site_section_chain__network_selection_info__candidate_ad_funnel_metrics__ad_creative_checking_metrics__no_creative_slot_compatible_dimension_check_failed,array(array(integer)),,,,,,,,,,,,No Backfill - Low Usage
DIFF,inventory__site_section_chain__network_selection_info__candidate_ad_funnel_metrics__ad_creative_checking_metrics__inventory_source_restriction,array(array(integer)),,,,,,,,,,,,No Backfill - Low Usage
DIFF,inventory__site_section_chain__network_selection_info__candidate_ad_funnel_metrics__ad_creative_checking_metrics__no_applicable_slot_not_compatible,array(array(integer)),,,,,,,,,,,,No Backfill - Low Usage
DIFF,inventory__site_section_chain__network_selection_info__candidate_ad_funnel_metrics__ad_creative_checking_metrics__no_applicable_slot_excluded_by_sponsor,array(array(integer)),,,,,,,,,,,,No Backfill - Low Usage
DIFF,inventory__site_section_chain__network_selection_info__candidate_ad_funnel_metrics__ad_creative_checking_metrics__met_yield_optimization,array(array(integer)),,,,,,,,,,,,No Backfill - Low Usage
DIFF,inventory__site_section_chain__network_selection_info__candidate_ad_funnel_metrics__ad_creative_checking_metrics__mpe_listing_restriction,array(array(integer)),,,,,,,,,,,,No Backfill - Low Usage
DIFF,inventory__site_section_chain__network_selection_info__candidate_ad_funnel_metrics__ad_creative_checking_metrics__unmapped,array(array(integer)),,,,,,,,,,,,No Backfill - Low Usage
DIFF,inventory__site_section_chain__network_selection_info__candidate_ad_funnel_metrics__ad_creative_checking_metrics__undefined,array(array(integer)),,,,,,,,,,,,No Backfill - Low Usage
DIFF,inventory__site_section_chain__network_selection_info__candidate_ad_funnel_metrics__ad_creative_checking_metrics__inbound_order_competition_failure,array(array(integer)),,,,,,,,,,,,No Backfill - Low Usage
DIFF,inventory__site_section_chain__network_selection_info__candidate_ad_funnel_metrics__ad_creative_checking_metrics__competition_failure_in_pick_many,array(array(integer)),,,,,,,,,,,,No Backfill - Low Usage
DIFF,inventory__site_section_chain__network_selection_info__candidate_ad_funnel_metrics__ad_filling_metrics,array(array(varchar)),,,,,,,,,,,,No Backfill - Low Usage
DIFF,inventory__site_section_chain__network_selection_info__candidate_ad_funnel_metrics__ad_filling_metrics__input_ad_number,array(array(integer)),,,,,,,,,,,,No Backfill - Low Usage
DIFF,inventory__site_section_chain__network_selection_info__candidate_ad_funnel_metrics__ad_filling_metrics__output_ad_number,array(array(integer)),,,,,,,,,,,,No Backfill - Low Usage
DIFF,inventory__site_section_chain__network_selection_info__candidate_ad_funnel_metrics__ad_filling_metrics__slot_max_num_ads,array(array(integer)),,,,,,,,,,,,No Backfill - Low Usage
DIFF,inventory__site_section_chain__network_selection_info__candidate_ad_funnel_metrics__ad_filling_metrics__slot_max_duration,array(array(integer)),,,,,,,,,,,,No Backfill - Low Usage
DIFF,inventory__site_section_chain__network_selection_info__candidate_ad_funnel_metrics__ad_filling_metrics__time_based_freq_cap,array(array(integer)),,,,,,,,,,,,No Backfill - Low Usage
DIFF,inventory__site_section_chain__network_selection_info__candidate_ad_funnel_metrics__ad_filling_metrics__no_creative,array(array(integer)),,,,,,,,,,,,No Backfill - Low Usage
DIFF,inventory__site_section_chain__network_selection_info__candidate_ad_funnel_metrics__ad_filling_metrics__companion_check_failed,array(array(integer)),,,,,,,,,,,,No Backfill - Low Usage
DIFF,inventory__site_section_chain__network_selection_info__candidate_ad_funnel_metrics__ad_filling_metrics__pod_position_targeting_check_failed,array(array(integer)),,,,,,,,,,,,No Backfill - Low Usage
DIFF,inventory__site_section_chain__network_selection_info__candidate_ad_funnel_metrics__ad_filling_metrics__slot_exclusivity_check_failed,array(array(integer)),,,,,,,,,,,,No Backfill - Low Usage
DIFF,inventory__site_section_chain__network_selection_info__candidate_ad_funnel_metrics__ad_filling_metrics__slot_sponsorship_check_failed,array(array(integer)),,,,,,,,,,,,No Backfill - Low Usage
DIFF,inventory__site_section_chain__network_selection_info__candidate_ad_funnel_metrics__ad_filling_metrics__slot_filled_by_multi_ad,array(array(integer)),,,,,,,,,,,,No Backfill - Low Usage
DIFF,inventory__site_section_chain__network_selection_info__candidate_ad_funnel_metrics__ad_filling_metrics__output_fallback_ad_number,array(array(integer)),,,,,,,,,,,,No Backfill - Low Usage
DIFF,inventory__site_section_chain__network_selection_info__candidate_ad_funnel_metrics__ad_filling_metrics__slot_not_found,array(array(integer)),,,,,,,,,,,,No Backfill - Low Usage
DIFF,inventory__site_section_chain__network_selection_info__candidate_ad_funnel_metrics__ad_filling_metrics__do_not_repeat,array(array(integer)),,,,,,,,,,,,No Backfill - Low Usage
DIFF,inventory__site_section_chain__network_selection_info__candidate_ad_funnel_metrics__ad_filling_metrics__unmapped,array(array(integer)),,,,,,,,,,,,No Backfill - Low Usage
DIFF,inventory__site_section_chain__network_selection_info__candidate_ad_funnel_metrics__ad_filling_metrics__undefined,array(array(integer)),,,,,,,,,,,,No Backfill - Low Usage
DIFF,inventory__site_section_chain__network_selection_info__candidate_ad_funnel_metrics__network_id,array(array(bigint)),,,,,,,,,,,,No Backfill - Low Usage
DIFF,inventory__site_section_chain__network_selection_info__candidate_ad_funnel_metrics__demand_type,array(array(integer)),,,,,,,,,,,,No Backfill - Low Usage
DIFF,inventory__site_section_chain__network_selection_info__candidate_ad_funnel_metrics__order_id,array(array(bigint)),,,,,,,,,,,,No Backfill - Low Usage
DIFF,inventory__site_section_chain__network_selection_info__candidate_ad_funnel_metrics__listing_ids,array(array(array(bigint))),,,,,,,,,,,,No Backfill - Low Usage
DIFF,inventory__site_section_chain__network_selection_info__candidate_ad_funnel_metrics__phase_metrics,array(array(array(varchar))),,,,,,,,,,,,No Backfill - Low Usage
DIFF,inventory__site_section_chain__network_selection_info__candidate_ad_funnel_metrics__phase_metrics__phase,array(array(array(bigint))),,,,,,,,,,,,No Backfill - Low Usage
DIFF,inventory__site_section_chain__network_selection_info__candidate_ad_funnel_metrics__phase_metrics__name,array(array(array(varchar))),,,,,,,,,,,,No Backfill - Low Usage
DIFF,inventory__site_section_chain__network_selection_info__candidate_ad_funnel_metrics__phase_metrics__value,array(array(array(bigint))),,,,,,,,,,,,No Backfill - Low Usage
DIFF,inventory__site_section_chain__inventory_distribution_contexts,array(array(varchar)),,,,,,,,,,,,No Backfill - Low Usage
DIFF,inventory__site_section_chain__inventory_distribution_contexts__carriage_inventory_owner_id,array(array(bigint)),,,,,,,,,,,,No Backfill - Low Usage
DIFF,inventory__site_section_chain__inventory_distribution_contexts__carriage_listing_split_unit_id,array(array(bigint)),,,,,,,,,,,,No Backfill - Low Usage
DIFF,inventory__site_section_chain__mapped_asset_ids,array(array(bigint)),,,,,,,,,,,,No Backfill - Low Usage
DIFF,inventory__site_section_chain__mapped_site_section_ids,array(array(bigint)),,,,,,,,,,,,No Backfill - Low Usage
DIFF,inventory__site_section_chain__selected_yo_volume_cap_ids,array(array(bigint)),,,,,,,,,,,,No Backfill - Low Usage
DIFF,inventory__site_section_chain__selected_yo_distribution_id,array(bigint),,,,,,,,,,,,No Backfill - Low Usage
DIFF,inventory__site_section_chain__selected_yo_distribution_nip_id,array(bigint),,,,,,,,,,,,No Backfill - Low Usage
DIFF,inventory__site_section_chain__selected_yo_inventory_prioritization_id,array(bigint),,,,,,,,,,,,No Backfill - Low Usage
DIFF,inventory__site_section_chain__selected_yo_inventory_prioritization_nip_id,array(bigint),,,,,,,,,,,,No Backfill - Low Usage
DIFF,inventory__site_section_chain__selected_yo_margin_id,array(bigint),,,,,,,,,,,,No Backfill - Low Usage
DIFF,inventory__site_section_chain__audience_segment_max_cpm,array(double),,,,,,,,,,,,No Backfill - Low Usage
DIFF,inventory__site_section_chain__audience_partner_segment_infos,array(array(varchar)),,,,,,,,,,,,No Backfill - Low Usage
DIFF,inventory__site_section_chain__audience_partner_segment_infos__audience_partner_id,array(array(bigint)),,,,,,,,,,,,No Backfill - Low Usage
DIFF,inventory__site_section_chain__audience_partner_segment_infos__max_cpm,array(array(double)),,,,,,,,,,,,No Backfill - Low Usage
DIFF,inventory__site_section_chain__audience_partner_segment_infos__matched_segments,array(array(array(varchar))),,,,,,,,,,,,No Backfill - Low Usage
DIFF,inventory__site_section_chain__audience_partner_segment_infos__matched_segments__id,array(array(array(integer))),,,,,,,,,,,,No Backfill - Low Usage
DIFF,inventory__site_section_chain__audience_partner_segment_infos__matched_segments__cpm,array(array(array(double))),,,,,,,,,,,,No Backfill - Low Usage
DIFF,inventory__site_section_chain__audience_partner_segment_infos__matched_segments__flags,array(array(array(bigint))),,,,,,,,,,,,No Backfill - Low Usage
DIFF,inventory__site_section_chain__supply_priority,array(integer),,,,,,,,,,,,No Backfill - Low Usage
DIFF,inventory__site_section_chain__acquired_supply_type,array(integer),,,,,,,,,,,,No Backfill - Low Usage
DIFF,inventory__site_section_chain__geo_visibility,array(varchar),,,,,,,,,,,,No Backfill - Low Usage
DIFF,inventory__site_section_chain__geo_visibility__targetable,array(varchar),,,,,,,,,,,,No Backfill - Low Usage
DIFF,inventory__site_section_chain__geo_visibility__report_aggregate,array(varchar),,,,,,,,,,,,No Backfill - Low Usage
DIFF,inventory__site_section_chain__geo_visibility__report_event,array(varchar),,,,,,,,,,,,No Backfill - Low Usage
MATCHED,inventory__site_section_chain__geo_country_visibility,array(varchar),inventory__site_section_chain__geo_country_visibility,array(varchar),,,,,,,,,,
MATCHED,inventory__site_section_chain__geo_country_visibility__targetable,array(varchar),inventory__site_section_chain__geo_country_visibility__targetable,array(varchar),,,,,,,,,,
MATCHED,inventory__site_section_chain__geo_country_visibility__report_aggregate,array(varchar),inventory__site_section_chain__geo_country_visibility__report_aggregate,array(varchar),,,,,,,,,,
MATCHED,inventory__site_section_chain__geo_country_visibility__report_event,array(varchar),inventory__site_section_chain__geo_country_visibility__report_event,array(varchar),,,,,,,,,,
MATCHED,inventory__site_section_chain__geo_state_visibility,array(varchar),inventory__site_section_chain__geo_state_visibility,array(varchar),,,,,,,,,,
MATCHED,inventory__site_section_chain__geo_state_visibility__targetable,array(varchar),inventory__site_section_chain__geo_state_visibility__targetable,array(varchar),,,,,,,,,,
MATCHED,inventory__site_section_chain__geo_state_visibility__report_aggregate,array(varchar),inventory__site_section_chain__geo_state_visibility__report_aggregate,array(varchar),,,,,,,,,,
MATCHED,inventory__site_section_chain__geo_state_visibility__report_event,array(varchar),inventory__site_section_chain__geo_state_visibility__report_event,array(varchar),,,,,,,,,,
MATCHED,inventory__site_section_chain__geo_city_visibility,array(varchar),inventory__site_section_chain__geo_city_visibility,array(varchar),,,,,,,,,,
MATCHED,inventory__site_section_chain__geo_city_visibility__targetable,array(varchar),inventory__site_section_chain__geo_city_visibility__targetable,array(varchar),,,,,,,,,,
MATCHED,inventory__site_section_chain__geo_city_visibility__report_aggregate,array(varchar),inventory__site_section_chain__geo_city_visibility__report_aggregate,array(varchar),,,,,,,,,,
MATCHED,inventory__site_section_chain__geo_city_visibility__report_event,array(varchar),inventory__site_section_chain__geo_city_visibility__report_event,array(varchar),,,,,,,,,,
MATCHED,inventory__site_section_chain__geo_zip_code_visibility,array(varchar),inventory__site_section_chain__geo_zip_code_visibility,array(varchar),,,,,,,,,,
MATCHED,inventory__site_section_chain__geo_zip_code_visibility__targetable,array(varchar),inventory__site_section_chain__geo_zip_code_visibility__targetable,array(varchar),,,,,,,,,,
MATCHED,inventory__site_section_chain__geo_zip_code_visibility__report_aggregate,array(varchar),inventory__site_section_chain__geo_zip_code_visibility__report_aggregate,array(varchar),,,,,,,,,,
MATCHED,inventory__site_section_chain__geo_zip_code_visibility__report_event,array(varchar),inventory__site_section_chain__geo_zip_code_visibility__report_event,array(varchar),,,,,,,,,,
MATCHED,inventory__site_section_chain__geo_dma_visibility,array(varchar),inventory__site_section_chain__geo_dma_visibility,array(varchar),,,,,,,,,,
MATCHED,inventory__site_section_chain__geo_dma_visibility__targetable,array(varchar),inventory__site_section_chain__geo_dma_visibility__targetable,array(varchar),,,,,,,,,,
MATCHED,inventory__site_section_chain__geo_dma_visibility__report_aggregate,array(varchar),inventory__site_section_chain__geo_dma_visibility__report_aggregate,array(varchar),,,,,,,,,,
MATCHED,inventory__site_section_chain__geo_dma_visibility__report_event,array(varchar),inventory__site_section_chain__geo_dma_visibility__report_event,array(varchar),,,,,,,,,,
MATCHED,inventory__site_section_chain__user_agent_visibility,array(varchar),inventory__site_section_chain__user_agent_visibility,array(varchar),,,,,,,,,,
MATCHED,inventory__site_section_chain__user_agent_visibility__targetable,array(varchar),inventory__site_section_chain__user_agent_visibility__targetable,array(varchar),,,,,,,,,,
MATCHED,inventory__site_section_chain__user_agent_visibility__report_aggregate,array(varchar),inventory__site_section_chain__user_agent_visibility__report_aggregate,array(varchar),,,,,,,,,,
MATCHED,inventory__site_section_chain__user_agent_visibility__report_event,array(varchar),inventory__site_section_chain__user_agent_visibility__report_event,array(varchar),,,,,,,,,,
MATCHED,inventory__site_section_chain__standard_endpoint_visibility,array(varchar),inventory__site_section_chain__standard_endpoint_visibility,array(varchar),,,,,,,,,,
MATCHED,inventory__site_section_chain__standard_endpoint_visibility__targetable,array(varchar),inventory__site_section_chain__standard_endpoint_visibility__targetable,array(varchar),,,,,,,,,,
MATCHED,inventory__site_section_chain__standard_endpoint_visibility__report_aggregate,array(varchar),inventory__site_section_chain__standard_endpoint_visibility__report_aggregate,array(varchar),,,,,,,,,,
MATCHED,inventory__site_section_chain__standard_endpoint_visibility__report_event,array(varchar),inventory__site_section_chain__standard_endpoint_visibility__report_event,array(varchar),,,,,,,,,,
MATCHED,inventory__site_section_chain__standard_endpoint_owner_visibility,array(varchar),inventory__site_section_chain__standard_endpoint_owner_visibility,array(varchar),,,,,,,,,,
MATCHED,inventory__site_section_chain__standard_endpoint_owner_visibility__targetable,array(varchar),inventory__site_section_chain__standard_endpoint_owner_visibility__targetable,array(varchar),,,,,,,,,,
MATCHED,inventory__site_section_chain__standard_endpoint_owner_visibility__report_aggregate,array(varchar),inventory__site_section_chain__standard_endpoint_owner_visibility__report_aggregate,array(varchar),,,,,,,,,,
MATCHED,inventory__site_section_chain__standard_endpoint_owner_visibility__report_event,array(varchar),inventory__site_section_chain__standard_endpoint_owner_visibility__report_event,array(varchar),,,,,,,,,,
MATCHED,inventory__site_section_chain__visitor_custom_id_visibility,array(varchar),inventory__site_section_chain__visitor_custom_id_visibility,array(varchar),,,,,,,,,,
MATCHED,inventory__site_section_chain__visitor_custom_id_visibility__targetable,array(varchar),inventory__site_section_chain__visitor_custom_id_visibility__targetable,array(varchar),,,,,,,,,,
MATCHED,inventory__site_section_chain__visitor_custom_id_visibility__report_aggregate,array(varchar),inventory__site_section_chain__visitor_custom_id_visibility__report_aggregate,array(varchar),,,,,,,,,,
MATCHED,inventory__site_section_chain__visitor_custom_id_visibility__report_event,array(varchar),inventory__site_section_chain__visitor_custom_id_visibility__report_event,array(varchar),,,,,,,,,,
MATCHED,inventory__site_section_chain__device_id_visibility,array(varchar),inventory__site_section_chain__device_id_visibility,array(varchar),,,,,,,,,,
MATCHED,inventory__site_section_chain__device_id_visibility__targetable,array(varchar),inventory__site_section_chain__device_id_visibility__targetable,array(varchar),,,,,,,,,,
MATCHED,inventory__site_section_chain__device_id_visibility__report_aggregate,array(varchar),inventory__site_section_chain__device_id_visibility__report_aggregate,array(varchar),,,,,,,,,,
MATCHED,inventory__site_section_chain__device_id_visibility__report_event,array(varchar),inventory__site_section_chain__device_id_visibility__report_event,array(varchar),,,,,,,,,,
MATCHED,inventory__site_section_chain__ip_visibility,array(varchar),inventory__site_section_chain__ip_visibility,array(varchar),,,,,,,,,,
MATCHED,inventory__site_section_chain__ip_visibility__targetable,array(varchar),inventory__site_section_chain__ip_visibility__targetable,array(varchar),,,,,,,,,,
MATCHED,inventory__site_section_chain__ip_visibility__report_aggregate,array(varchar),inventory__site_section_chain__ip_visibility__report_aggregate,array(varchar),,,,,,,,,,
MATCHED,inventory__site_section_chain__ip_visibility__report_event,array(varchar),inventory__site_section_chain__ip_visibility__report_event,array(varchar),,,,,,,,,,
MATCHED,inventory__site_section_chain__third_party_user_id_visibility,array(varchar),inventory__site_section_chain__third_party_user_id_visibility,array(varchar),,,,,,,,,,
MATCHED,inventory__site_section_chain__third_party_user_id_visibility__targetable,array(varchar),inventory__site_section_chain__third_party_user_id_visibility__targetable,array(varchar),,,,,,,,,,
MATCHED,inventory__site_section_chain__third_party_user_id_visibility__report_aggregate,array(varchar),inventory__site_section_chain__third_party_user_id_visibility__report_aggregate,array(varchar),,,,,,,,,,
MATCHED,inventory__site_section_chain__third_party_user_id_visibility__report_event,array(varchar),inventory__site_section_chain__third_party_user_id_visibility__report_event,array(varchar),,,,,,,,,,
MATCHED,inventory__site_section_chain__key_value_visibility,array(varchar),inventory__site_section_chain__key_value_visibility,array(varchar),,,,,,,,,,
MATCHED,inventory__site_section_chain__key_value_visibility__targetable,array(varchar),inventory__site_section_chain__key_value_visibility__targetable,array(varchar),,,,,,,,,,
MATCHED,inventory__site_section_chain__key_value_visibility__report_aggregate,array(varchar),inventory__site_section_chain__key_value_visibility__report_aggregate,array(varchar),,,,,,,,,,
MATCHED,inventory__site_section_chain__key_value_visibility__report_event,array(varchar),inventory__site_section_chain__key_value_visibility__report_event,array(varchar),,,,,,,,,,
MATCHED,inventory__site_section_chain__standard_brand_visibility,array(varchar),inventory__site_section_chain__standard_brand_visibility,array(varchar),,,,,,,,,,
MATCHED,inventory__site_section_chain__standard_brand_visibility__targetable,array(varchar),inventory__site_section_chain__standard_brand_visibility__targetable,array(varchar),,,,,,,,,,
MATCHED,inventory__site_section_chain__standard_brand_visibility__report_aggregate,array(varchar),inventory__site_section_chain__standard_brand_visibility__report_aggregate,array(varchar),,,,,,,,,,
MATCHED,inventory__site_section_chain__standard_brand_visibility__report_event,array(varchar),inventory__site_section_chain__standard_brand_visibility__report_event,array(varchar),,,,,,,,,,
MATCHED,inventory__site_section_chain__standard_genre_visibility,array(varchar),inventory__site_section_chain__standard_genre_visibility,array(varchar),,,,,,,,,,
MATCHED,inventory__site_section_chain__standard_genre_visibility__targetable,array(varchar),inventory__site_section_chain__standard_genre_visibility__targetable,array(varchar),,,,,,,,,,
MATCHED,inventory__site_section_chain__standard_genre_visibility__report_aggregate,array(varchar),inventory__site_section_chain__standard_genre_visibility__report_aggregate,array(varchar),,,,,,,,,,
MATCHED,inventory__site_section_chain__standard_genre_visibility__report_event,array(varchar),inventory__site_section_chain__standard_genre_visibility__report_event,array(varchar),,,,,,,,,,
MATCHED,inventory__site_section_chain__content_rating_visibility,array(varchar),inventory__site_section_chain__content_rating_visibility,array(varchar),,,,,,,,,,
MATCHED,inventory__site_section_chain__content_rating_visibility__targetable,array(varchar),inventory__site_section_chain__content_rating_visibility__targetable,array(varchar),,,,,,,,,,
MATCHED,inventory__site_section_chain__content_rating_visibility__report_aggregate,array(varchar),inventory__site_section_chain__content_rating_visibility__report_aggregate,array(varchar),,,,,,,,,,
MATCHED,inventory__site_section_chain__content_rating_visibility__report_event,array(varchar),inventory__site_section_chain__content_rating_visibility__report_event,array(varchar),,,,,,,,,,
MATCHED,inventory__site_section_chain__standard_programmer_visibility,array(varchar),inventory__site_section_chain__standard_programmer_visibility,array(varchar),,,,,,,,,,
MATCHED,inventory__site_section_chain__standard_programmer_visibility__targetable,array(varchar),inventory__site_section_chain__standard_programmer_visibility__targetable,array(varchar),,,,,,,,,,
MATCHED,inventory__site_section_chain__standard_programmer_visibility__report_aggregate,array(varchar),inventory__site_section_chain__standard_programmer_visibility__report_aggregate,array(varchar),,,,,,,,,,
MATCHED,inventory__site_section_chain__standard_programmer_visibility__report_event,array(varchar),inventory__site_section_chain__standard_programmer_visibility__report_event,array(varchar),,,,,,,,,,
MATCHED,inventory__site_section_chain__content_form_visibility,array(varchar),inventory__site_section_chain__content_form_visibility,array(varchar),,,,,,,,,,
MATCHED,inventory__site_section_chain__content_form_visibility__targetable,array(varchar),inventory__site_section_chain__content_form_visibility__targetable,array(varchar),,,,,,,,,,
MATCHED,inventory__site_section_chain__content_form_visibility__report_aggregate,array(varchar),inventory__site_section_chain__content_form_visibility__report_aggregate,array(varchar),,,,,,,,,,
MATCHED,inventory__site_section_chain__content_form_visibility__report_event,array(varchar),inventory__site_section_chain__content_form_visibility__report_event,array(varchar),,,,,,,,,,
MATCHED,inventory__site_section_chain__standard_language_visibility,array(varchar),inventory__site_section_chain__standard_language_visibility,array(varchar),,,,,,,,,,
MATCHED,inventory__site_section_chain__standard_language_visibility__targetable,array(varchar),inventory__site_section_chain__standard_language_visibility__targetable,array(varchar),,,,,,,,,,
MATCHED,inventory__site_section_chain__standard_language_visibility__report_aggregate,array(varchar),inventory__site_section_chain__standard_language_visibility__report_aggregate,array(varchar),,,,,,,,,,
MATCHED,inventory__site_section_chain__standard_language_visibility__report_event,array(varchar),inventory__site_section_chain__standard_language_visibility__report_event,array(varchar),,,,,,,,,,
MATCHED,inventory__site_section_chain__standard_channel_visibility,array(varchar),inventory__site_section_chain__standard_channel_visibility,array(varchar),,,,,,,,,,
MATCHED,inventory__site_section_chain__standard_channel_visibility__targetable,array(varchar),inventory__site_section_chain__standard_channel_visibility__targetable,array(varchar),,,,,,,,,,
MATCHED,inventory__site_section_chain__standard_channel_visibility__report_aggregate,array(varchar),inventory__site_section_chain__standard_channel_visibility__report_aggregate,array(varchar),,,,,,,,,,
MATCHED,inventory__site_section_chain__standard_channel_visibility__report_event,array(varchar),inventory__site_section_chain__standard_channel_visibility__report_event,array(varchar),,,,,,,,,,
MATCHED,inventory__site_section_chain__standard_content_daypart_visibility,array(varchar),inventory__site_section_chain__standard_content_daypart_visibility,array(varchar),,,,,,,,,,
MATCHED,inventory__site_section_chain__standard_content_daypart_visibility__targetable,array(varchar),inventory__site_section_chain__standard_content_daypart_visibility__targetable,array(varchar),,,,,,,,,,
MATCHED,inventory__site_section_chain__standard_content_daypart_visibility__report_aggregate,array(varchar),inventory__site_section_chain__standard_content_daypart_visibility__report_aggregate,array(varchar),,,,,,,,,,
MATCHED,inventory__site_section_chain__standard_content_daypart_visibility__report_event,array(varchar),inventory__site_section_chain__standard_content_daypart_visibility__report_event,array(varchar),,,,,,,,,,
MATCHED,inventory__site_section_chain__standard_content_series_visibility,array(varchar),inventory__site_section_chain__standard_content_series_visibility,array(varchar),,,,,,,,,,
MATCHED,inventory__site_section_chain__standard_content_series_visibility__targetable,array(varchar),inventory__site_section_chain__standard_content_series_visibility__targetable,array(varchar),,,,,,,,,,
MATCHED,inventory__site_section_chain__standard_content_series_visibility__report_aggregate,array(varchar),inventory__site_section_chain__standard_content_series_visibility__report_aggregate,array(varchar),,,,,,,,,,
MATCHED,inventory__site_section_chain__standard_content_series_visibility__report_event,array(varchar),inventory__site_section_chain__standard_content_series_visibility__report_event,array(varchar),,,,,,,,,,
MATCHED,inventory__site_section_chain__standard_content_subscription_model_visibility,array(varchar),inventory__site_section_chain__standard_content_subscription_model_visibility,array(varchar),,,,,,,,,,
MATCHED,inventory__site_section_chain__standard_content_subscription_model_visibility__targetable,array(varchar),inventory__site_section_chain__standard_content_subscription_model_visibility__targetable,array(varchar),,,,,,,,,,
MATCHED,inventory__site_section_chain__standard_content_subscription_model_visibility__report_aggregate,array(varchar),inventory__site_section_chain__standard_content_subscription_model_visibility__report_aggregate,array(varchar),,,,,,,,,,
MATCHED,inventory__site_section_chain__standard_content_subscription_model_visibility__report_event,array(varchar),inventory__site_section_chain__standard_content_subscription_model_visibility__report_event,array(varchar),,,,,,,,,,
MATCHED,inventory__site_section_chain__standard_content_credential_status_visibility,array(varchar),inventory__site_section_chain__standard_content_credential_status_visibility,array(varchar),,,,,,,,,,
MATCHED,inventory__site_section_chain__standard_content_credential_status_visibility__targetable,array(varchar),inventory__site_section_chain__standard_content_credential_status_visibility__targetable,array(varchar),,,,,,,,,,
MATCHED,inventory__site_section_chain__standard_content_credential_status_visibility__report_aggregate,array(varchar),inventory__site_section_chain__standard_content_credential_status_visibility__report_aggregate,array(varchar),,,,,,,,,,
MATCHED,inventory__site_section_chain__standard_content_credential_status_visibility__report_event,array(varchar),inventory__site_section_chain__standard_content_credential_status_visibility__report_event,array(varchar),,,,,,,,,,
MATCHED,inventory__site_section_chain__standard_content_territory_visibility,array(varchar),inventory__site_section_chain__standard_content_territory_visibility,array(varchar),,,,,,,,,,
MATCHED,inventory__site_section_chain__standard_content_territory_visibility__targetable,array(varchar),inventory__site_section_chain__standard_content_territory_visibility__targetable,array(varchar),,,,,,,,,,
MATCHED,inventory__site_section_chain__standard_content_territory_visibility__report_aggregate,array(varchar),inventory__site_section_chain__standard_content_territory_visibility__report_aggregate,array(varchar),,,,,,,,,,
MATCHED,inventory__site_section_chain__standard_content_territory_visibility__report_event,array(varchar),inventory__site_section_chain__standard_content_territory_visibility__report_event,array(varchar),,,,,,,,,,
MATCHED,audiences,array(varchar),audiences,array(varchar),,,,,,,,,,
MATCHED,audiences__network_id,array(bigint),audiences__network_id,array(bigint),0.06,,,,,,,,,
MATCHED,audiences__audience_item_ids,array(array(bigint)),audiences__audience_item_ids,array(array(bigint)),2.22,,,,,,,,,
MATCHED,audiences__kv_term_ids,array(array(bigint)),audiences__kv_term_ids,array(array(bigint)),0.03,,,,,,,,,
MATCHED,idx,varchar,idx,varchar,,,,,,,,,,
DIFF,idx__kafka_msg_key,varchar,,,0.65,,,,,,,,,No Backfill - Low Usage
DIFF,idx__process_timestamp,bigint,,,0.05,,,,,,,,,No Backfill - Low Usage
DIFF,idx__process_batch_id,varchar,,,,,,,,,,,,No Backfill - Low Usage
DIFF,idx__version,integer,,,,,,,,,,,,No Backfill - Low Usage
MATCHED,request_info,varchar,request_info,varchar,,,,,,,,,,
MATCHED,request_info__slot_time_position_classes,array(varchar),request_info__slot_time_position_classes,array(varchar),,,,,,,,,,
MATCHED,request_info__slot_ad_unit_ids,array(bigint),request_info__slot_ad_unit_ids,array(bigint),,,,,,,,,,
MATCHED,request_info__slot_video_cro_ad_unit_ids,array(bigint),request_info__slot_video_cro_ad_unit_ids,array(bigint),,,,,,,,,,
MATCHED,request_info__raw_brands,array(varchar),request_info__raw_brands,array(varchar),,,,,,,,,,
MATCHED,request_info__raw_channels,array(varchar),request_info__raw_channels,array(varchar),,,,,,,,,,
MATCHED,execution_networks,array(varchar),execution_networks,array(varchar),,,,,,,,,,
MATCHED,execution_networks__network_id,array(bigint),execution_networks__network_id,array(bigint),,,,,,,,,,
MATCHED,execution_networks__role,array(varchar),execution_networks__role,array(varchar),,,,,,,,,,
MATCHED,execution_networks__entity_source,array(varchar),execution_networks__entity_source,array(varchar),,,,,,,,,,
DIFF,execution_networks__flags,array(bigint),,,,,,,,,,,,No Backfill - Low Usage
MATCHED,execution_networks__bit_flags,array(bigint),execution_networks__bit_flags,array(bigint),,,,,,,,,,
MATCHED,execution_networks__content_owner_network_id,array(bigint),execution_networks__content_owner_network_id,array(bigint),,,,,,,,,,
MATCHED,execution_networks__distributor_network_id,array(bigint),execution_networks__distributor_network_id,array(bigint),,,,,,,,,,
DIFF,execution_networks__reseller_network_id,array(bigint),,,,,,,,,,,,No Backfill - Low Usage
DIFF,execution_networks__revenue,array(double),,,,,,,,,,,,No Backfill - Low Usage
DIFF,execution_networks__content_owner_revenue,array(double),,,,,,,,,,,,No Backfill - Low Usage
DIFF,execution_networks__distributor_revenue,array(double),,,,,,,,,,,,No Backfill - Low Usage
DIFF,execution_networks__reseller_revenue,array(double),,,,,,,,,,,,No Backfill - Low Usage
DIFF,execution_networks__bidding_revenue,array(double),,,,,,,,,,,,No Backfill - Low Usage
DIFF,execution_networks__bidding_up_revenue,array(double),,,,,,,,,,,,No Backfill - Low Usage
DIFF,execution_networks__content_owner_bidding_revenue,array(double),,,,,,,,,,,,No Backfill - Low Usage
DIFF,execution_networks__content_owner_bidding_modified_revenue,array(double),,,,,,,,,,,,No Backfill - Low Usage
DIFF,execution_networks__content_owner_bidding_original_revenue,array(double),,,,,,,,,,,,No Backfill - Low Usage
DIFF,execution_networks__distributor_bidding_revenue,array(double),,,,,,,,,,,,No Backfill - Low Usage
DIFF,execution_networks__reseller_bidding_revenue,array(double),,,,,,,,,,,,No Backfill - Low Usage
DIFF,execution_networks__ssp_clearing_revenue,array(double),,,,,,,,,,,,No Backfill - Low Usage
DIFF,execution_networks__margin,array(double),,,,,,,,,,,,No Backfill - Low Usage
DIFF,execution_networks__competition_resellers,array(integer),,,,,,,,,,,,No Backfill - Low Usage
DIFF,execution_networks__rule_id,array(bigint),,,,,,,,,,,,No Backfill - Low Usage
DIFF,execution_networks__rule_ext_id,array(bigint),,,,,,,,,,,,No Backfill - Low Usage
DIFF,execution_networks__rule_flags,array(bigint),,,,,,,,,,,,No Backfill - Low Usage
DIFF,execution_networks__rule_type_priority,array(varchar),,,,,,,,,,,,No Backfill - Low Usage
DIFF,execution_networks__unified_rule_priority,array(varchar),,,,,,,,,,,,No Backfill - Low Usage
DIFF,execution_networks__unified_rule_priority__priority_tier,array(varchar),,,,,,,,,,,,No Backfill - Low Usage
DIFF,execution_networks__unified_rule_priority__sub_priority_value,array(integer),,,,,,,,,,,,No Backfill - Low Usage
MATCHED,execution_networks__asset_id,array(bigint),execution_networks__asset_id,array(bigint),,,,,,,,,,
MATCHED,execution_networks__site_section_id,array(bigint),execution_networks__site_section_id,array(bigint),0.03,,,,,,,,,
MATCHED,execution_networks__series_id,array(bigint),execution_networks__series_id,array(bigint),,,,,,,,,,
MATCHED,execution_networks__site_id,array(bigint),execution_networks__site_id,array(bigint),,,,,,,,,,
MATCHED,execution_networks__asset_group_id,array(bigint),execution_networks__asset_group_id,array(bigint),,,,,,,,,,
DIFF,execution_networks__site_group_id,array(bigint),,,,,,,,,,,,No Backfill - Low Usage
MATCHED,execution_networks__asset_group_ids,array(array(bigint)),execution_networks__asset_group_ids,array(array(bigint)),,,,,,,,,,
MATCHED,execution_networks__site_section_group_ids,array(array(bigint)),execution_networks__site_section_group_ids,array(array(bigint)),,,,,,,,,,
DIFF,execution_networks__airing_channel_group_id,array(array(bigint)),,,,,,,,,,,,No Backfill - Low Usage
MATCHED,execution_networks__airing_channel_id,array(bigint),execution_networks__airing_channel_id,array(bigint),,,,,,,,,,
MATCHED,execution_networks__airing_id,array(bigint),execution_networks__airing_id,array(bigint),,,,,,,,,,
MATCHED,execution_networks__break_id,array(bigint),execution_networks__break_id,array(bigint),,,,,,,,,,
MATCHED,execution_networks__opportunity_id,array(bigint),execution_networks__opportunity_id,array(bigint),,,,,,,,,,
MATCHED,execution_networks__scenario_id,array(bigint),execution_networks__scenario_id,array(bigint),,,,,,,,,,
MATCHED,execution_networks__postal_code_package_id,array(array(integer)),execution_networks__postal_code_package_id,array(array(integer)),,,,,,,,,,
DIFF,execution_networks__edge_postal_code_package_ids,array(array(integer)),,,,,,,,,,,,No Backfill - Low Usage
DIFF,execution_networks__inbound_rule_id,array(bigint),,,,,,,,,,,,No Backfill - Low Usage
DIFF,execution_networks__listing_id,array(array(bigint)),,,,,,,,,,,,No Backfill - Low Usage
MATCHED,execution_networks__inbound_listing_id,array(array(bigint)),execution_networks__inbound_listing_id,array(array(bigint)),0.04,,,,,,,,,
MATCHED,execution_networks__inbound_order_id,array(bigint),execution_networks__inbound_order_id,array(bigint),0.03,,,,,,,,,
MATCHED,execution_networks__inbound_order_type,array(varchar),execution_networks__inbound_order_type,array(varchar),,,,,,,,,,
DIFF,execution_networks__inbound_order_auction_type,array(varchar),,,,,,,,,,,,No Backfill - Low Usage
MATCHED,execution_networks__inbound_order_transaction_type,array(varchar),execution_networks__inbound_order_transaction_type,array(varchar),,,,,,,,,,
DIFF,execution_networks__upstream_inbound_order_id,array(bigint),,,,,,,,,,,,No Backfill - Low Usage
DIFF,execution_networks__upstream_global_currency_id,array(bigint),,,,,,,,,,,,No Backfill - Low Usage
DIFF,execution_networks__upstream_content_owner_revenue_in_up_currency,array(double),,,,,,,,,,,,No Backfill - Low Usage
DIFF,execution_networks__outbound_order_id,array(bigint),,,,,,,,,,,,No Backfill - Low Usage
DIFF,execution_networks__outbound_order_type,array(varchar),,,,,,,,,,,,No Backfill - Low Usage
DIFF,execution_networks__outbound_exchange_order_id,array(bigint),,,,,,,,,,,,No Backfill - Low Usage
DIFF,execution_networks__outbound_listing_id,array(array(bigint)),,,,,,,,,,,,No Backfill - Low Usage
DIFF,execution_networks__unified_outbound_order_priority,array(varchar),,,,,,,,,,,,No Backfill - Low Usage
DIFF,execution_networks__unified_outbound_order_priority__priority_tier,array(varchar),,,,,,,,,,,,No Backfill - Low Usage
DIFF,execution_networks__unified_outbound_order_priority__sub_priority_value,array(integer),,,,,,,,,,,,No Backfill - Low Usage
DIFF,execution_networks__outbound_order_transaction_type,array(varchar),,,,,,,,,,,,No Backfill - Low Usage
DIFF,execution_networks__outbound_order_priority_type,array(varchar),,,,,,,,,,,,No Backfill - Low Usage
DIFF,execution_networks__avails_category,array(varchar),,,,,,,,,,,,No Backfill - Low Usage
DIFF,execution_networks__avails_category__avails,array(integer),,,,,,,,,,,,No Backfill - Low Usage
DIFF,execution_networks__avails_category__unfilled_avails,array(integer),,,,,,,,,,,,No Backfill - Low Usage
DIFF,execution_networks__avails_category__unconstrained_avails,array(integer),,,,,,,,,,,,No Backfill - Low Usage
DIFF,execution_networks__avails_category__market_avails,array(integer),,,,,,,,,,,,No Backfill - Low Usage
DIFF,execution_networks__avails_category__ssp_avails,array(integer),,,,,,,,,,,,No Backfill - Low Usage
DIFF,execution_networks__avails_category__avails_in_played_slot,array(integer),,,,,,,,,,,,No Backfill - Low Usage
DIFF,execution_networks__avails_category__unfilled_avails_in_played_slot,array(integer),,,,,,,,,,,,No Backfill - Low Usage
DIFF,execution_networks__avails_category__unconstrained_avails_in_played_slot,array(integer),,,,,,,,,,,,No Backfill - Low Usage
DIFF,execution_networks__avails_category__raw_total_avails_in_played_slot,array(integer),,,,,,,,,,,,No Backfill - Low Usage
DIFF,execution_networks__avails_category__market_avails_in_played_slot,array(integer),,,,,,,,,,,,No Backfill - Low Usage
DIFF,execution_networks__avails_category__ssp_avails_in_played_slot,array(integer),,,,,,,,,,,,No Backfill - Low Usage
DIFF,execution_networks__avails_category__total_avails,array(integer),,,,,,,,,,,,No Backfill - Low Usage
DIFF,execution_networks__avails_category__total_unfilled_avails,array(integer),,,,,,,,,,,,No Backfill - Low Usage
DIFF,execution_networks__avails_category__opportunity,array(integer),,,,,,,,,,,,No Backfill - Low Usage
DIFF,execution_networks__avails_category__total_avails_in_played_slot,array(integer),,,,,,,,,,,,No Backfill - Low Usage
DIFF,execution_networks__avails_category__total_unfilled_avails_in_played_slot,array(integer),,,,,,,,,,,,No Backfill - Low Usage
DIFF,execution_networks__avails_category__opportunity_in_played_slot,array(integer),,,,,,,,,,,,No Backfill - Low Usage
DIFF,execution_networks__avails_category__raw_opportunity_in_played_slot,array(integer),,,,,,,,,,,,No Backfill - Low Usage
DIFF,execution_networks__avails_category__slot_opp_avails_in_played_slot,array(integer),,,,,,,,,,,,No Backfill - Low Usage
DIFF,execution_networks__avails_category__remaining_avails,array(integer),,,,,,,,,,,,No Backfill - Low Usage
DIFF,execution_networks__avails_category__vod_programmer_total_avails,array(integer),,,,,,,,,,,,No Backfill - Low Usage
DIFF,execution_networks__avails_category__distinct_inventory_avails,array(bigint),,,,,,,,,,,,No Backfill - Low Usage
DIFF,execution_networks__avails_category__inventory_avails,array(bigint),,,,,,,,,,,,No Backfill - Low Usage
DIFF,execution_networks__avails_category__raw_inventory_distinct_avails_in_played_slot,array(bigint),,,,,,,,,,,,No Backfill - Low Usage
DIFF,execution_networks__avails_category__supply_avails,array(bigint),,,,,,,,,,,,No Backfill - Low Usage
DIFF,execution_networks__outbound_rules,array(array(varchar)),,,,,,,,,,,,No Backfill - Low Usage
DIFF,execution_networks__outbound_rules__rule_id,array(array(bigint)),,,,,,,,,,,,No Backfill - Low Usage
DIFF,execution_networks__outbound_rules__total_opp,array(array(bigint)),,,,,,,,,,,,No Backfill - Low Usage
DIFF,execution_networks__outbound_rules__win_opp,array(array(bigint)),,,,,,,,,,,,No Backfill - Low Usage
DIFF,execution_networks__eligible_outbound_orders,array(array(varchar)),,,,,,,,,,,,No Backfill - Low Usage
DIFF,execution_networks__eligible_outbound_orders__down_network_id,array(array(bigint)),,,,,,,,,,,,No Backfill - Low Usage
DIFF,execution_networks__eligible_outbound_orders__order_id,array(array(bigint)),,,,,,,,,,,,No Backfill - Low Usage
DIFF,execution_networks__eligible_outbound_orders__order_type,array(array(varchar)),,,,,,,,,,,,No Backfill - Low Usage
DIFF,execution_networks__eligible_outbound_orders__exchange_order_id,array(array(bigint)),,,,,,,,,,,,No Backfill - Low Usage
DIFF,execution_networks__eligible_outbound_orders__listing_id,array(array(array(bigint))),,,,,,,,,,,,No Backfill - Low Usage
DIFF,execution_networks__eligible_outbound_orders__matched_inventory_package_ids,array(array(array(bigint))),,,,,,,,,,,,No Backfill - Low Usage
DIFF,execution_networks__eligible_outbound_orders__bit_flags,array(array(bigint)),,,,,,,,,,,,No Backfill - Low Usage
DIFF,execution_networks__eligible_outbound_orders__order_transaction_type,array(array(varchar)),,,,,,,,,,,,No Backfill - Low Usage
DIFF,execution_networks__eligible_outbound_orders__order_priority,array(array(varchar)),,,,,,,,,,,,No Backfill - Low Usage
DIFF,execution_networks__eligible_outbound_orders__sales_channel,array(array(integer)),,,,,,,,,,,,No Backfill - Low Usage
DIFF,execution_networks__eligible_outbound_orders__avails_category,array(array(varchar)),,,,,,,,,,,,No Backfill - Low Usage
DIFF,execution_networks__eligible_outbound_orders__avails_category__avails,array(array(integer)),,,,,,,,,,,,No Backfill - Low Usage
DIFF,execution_networks__eligible_outbound_orders__avails_category__unfilled_avails,array(array(integer)),,,,,,,,,,,,No Backfill - Low Usage
DIFF,execution_networks__eligible_outbound_orders__avails_category__unconstrained_avails,array(array(integer)),,,,,,,,,,,,No Backfill - Low Usage
DIFF,execution_networks__eligible_outbound_orders__avails_category__market_avails,array(array(integer)),,,,,,,,,,,,No Backfill - Low Usage
DIFF,execution_networks__eligible_outbound_orders__avails_category__ssp_avails,array(array(integer)),,,,,,,,,,,,No Backfill - Low Usage
DIFF,execution_networks__eligible_outbound_orders__avails_category__avails_in_played_slot,array(array(integer)),,,,,,,,,,,,No Backfill - Low Usage
DIFF,execution_networks__eligible_outbound_orders__avails_category__unfilled_avails_in_played_slot,array(array(integer)),,,,,,,,,,,,No Backfill - Low Usage
DIFF,execution_networks__eligible_outbound_orders__avails_category__unconstrained_avails_in_played_slot,array(array(integer)),,,,,,,,,,,,No Backfill - Low Usage
DIFF,execution_networks__eligible_outbound_orders__avails_category__raw_total_avails_in_played_slot,array(array(integer)),,,,,,,,,,,,No Backfill - Low Usage
DIFF,execution_networks__eligible_outbound_orders__avails_category__market_avails_in_played_slot,array(array(integer)),,,,,,,,,,,,No Backfill - Low Usage
DIFF,execution_networks__eligible_outbound_orders__avails_category__ssp_avails_in_played_slot,array(array(integer)),,,,,,,,,,,,No Backfill - Low Usage
DIFF,execution_networks__eligible_outbound_orders__avails_category__total_avails,array(array(integer)),,,,,,,,,,,,No Backfill - Low Usage
DIFF,execution_networks__eligible_outbound_orders__avails_category__total_unfilled_avails,array(array(integer)),,,,,,,,,,,,No Backfill - Low Usage
DIFF,execution_networks__eligible_outbound_orders__avails_category__opportunity,array(array(integer)),,,,,,,,,,,,No Backfill - Low Usage
DIFF,execution_networks__eligible_outbound_orders__avails_category__total_avails_in_played_slot,array(array(integer)),,,,,,,,,,,,No Backfill - Low Usage
DIFF,execution_networks__eligible_outbound_orders__avails_category__total_unfilled_avails_in_played_slot,array(array(integer)),,,,,,,,,,,,No Backfill - Low Usage
DIFF,execution_networks__eligible_outbound_orders__avails_category__opportunity_in_played_slot,array(array(integer)),,,,,,,,,,,,No Backfill - Low Usage
DIFF,execution_networks__eligible_outbound_orders__avails_category__raw_opportunity_in_played_slot,array(array(integer)),,,,,,,,,,,,No Backfill - Low Usage
DIFF,execution_networks__eligible_outbound_orders__avails_category__slot_opp_avails_in_played_slot,array(array(integer)),,,,,,,,,,,,No Backfill - Low Usage
DIFF,execution_networks__eligible_outbound_orders__avails_category__remaining_avails,array(array(integer)),,,,,,,,,,,,No Backfill - Low Usage
DIFF,execution_networks__eligible_outbound_orders__avails_category__vod_programmer_total_avails,array(array(integer)),,,,,,,,,,,,No Backfill - Low Usage
DIFF,execution_networks__eligible_outbound_orders__avails_category__distinct_inventory_avails,array(array(bigint)),,,,,,,,,,,,No Backfill - Low Usage
DIFF,execution_networks__eligible_outbound_orders__avails_category__inventory_avails,array(array(bigint)),,,,,,,,,,,,No Backfill - Low Usage
DIFF,execution_networks__eligible_outbound_orders__avails_category__raw_inventory_distinct_avails_in_played_slot,array(array(bigint)),,,,,,,,,,,,No Backfill - Low Usage
DIFF,execution_networks__eligible_outbound_orders__avails_category__supply_avails,array(array(bigint)),,,,,,,,,,,,No Backfill - Low Usage
DIFF,execution_networks__eligible_outbound_orders__count_true_avails_as_booked,array(array(boolean)),,,,,,,,,,,,No Backfill - Low Usage
DIFF,execution_networks__eligible_outbound_orders__ad_filling_status,array(array(varchar)),,,,,,,,,,,,No Backfill - Low Usage
DIFF,execution_networks__eligible_outbound_orders__ad_filling_status__available_duration,array(array(integer)),,,,,,,,,,,,No Backfill - Low Usage
DIFF,execution_networks__eligible_outbound_orders__ad_filling_status__filled_ad_num,array(array(integer)),,,,,,,,,,,,No Backfill - Low Usage
DIFF,execution_networks__eligible_outbound_orders__ad_filling_status__filled_duration,array(array(integer)),,,,,,,,,,,,No Backfill - Low Usage
DIFF,execution_networks__eligible_outbound_orders__ad_filling_status__unified_unfilled_opp,array(array(integer)),,,,,,,,,,,,No Backfill - Low Usage
DIFF,execution_networks__eligible_outbound_orders__ad_filling_status__default_unfilled_opp,array(array(integer)),,,,,,,,,,,,No Backfill - Low Usage
DIFF,execution_networks__eligible_outbound_orders__ad_filling_status__initial_filled_ad_num,array(array(integer)),,,,,,,,,,,,No Backfill - Low Usage
DIFF,execution_networks__eligible_outbound_orders__ad_filling_status__initial_filled_duration,array(array(integer)),,,,,,,,,,,,No Backfill - Low Usage
DIFF,execution_networks__outbound_exchange_listings,array(array(varchar)),,,,,,,,,,,,No Backfill - Low Usage
DIFF,execution_networks__outbound_exchange_listings__listing_ids,array(array(array(bigint))),,,,,,,,,,,,No Backfill - Low Usage
DIFF,execution_networks__outbound_exchange_listings__avails_metrics,array(array(varchar)),,,,,,,,,,,,No Backfill - Low Usage
DIFF,execution_networks__outbound_exchange_listings__avails_metrics__default_duration,array(array(integer)),,,,,,,,,,,,No Backfill - Low Usage
DIFF,execution_networks__outbound_exchange_listings__avails_metrics__opportunity,array(array(integer)),,,,,,,,,,,,No Backfill - Low Usage
DIFF,execution_networks__outbound_exchange_listings__avails_metrics__avails,array(array(integer)),,,,,,,,,,,,No Backfill - Low Usage
DIFF,execution_networks__outbound_exchange_listings__avails_metrics__unfilled_avails,array(array(integer)),,,,,,,,,,,,No Backfill - Low Usage
MATCHED,execution_networks__visible_concrete_event_id,array(array(bigint)),execution_networks__visible_concrete_event_id,array(array(bigint)),,,,,,,,,,
MATCHED,execution_networks__tracked_audience_item_ids,array(array(bigint)),execution_networks__tracked_audience_item_ids,array(array(bigint)),,,,,,,,,,
DIFF,execution_networks__non_tracked_audience_item_ids,array(array(bigint)),,,,,,,,,,,,No Backfill - Low Usage
DIFF,execution_networks__marketplace_audience_extension_deal_ids,array(array(bigint)),,,,,,,,,,,,No Backfill - Low Usage
MATCHED,execution_networks__portfolio_ids,array(array(bigint)),execution_networks__portfolio_ids,array(array(bigint)),,,,,,,,,,
MATCHED,execution_networks__custom_platform_ids,array(array(bigint)),execution_networks__custom_platform_ids,array(array(bigint)),,,,,,,,,,
MATCHED,execution_networks__region_ids,array(array(bigint)),execution_networks__region_ids,array(array(bigint)),,,,,,,,,,
MATCHED,execution_networks__network_execution_ctx_index,array(integer),execution_networks__network_execution_ctx_index,array(integer),,,,,,,,,,
MATCHED,execution_networks__network_execution_ctx_flags,array(bigint),execution_networks__network_execution_ctx_flags,array(bigint),,,,,,,,,,
DIFF,execution_networks__network_is_ad_owner,array(boolean),,,,,,,,,,,,No Backfill - Low Usage
DIFF,execution_networks__network_is_ad_unit_owner,array(boolean),,,,,,,,,,,,No Backfill - Low Usage
DIFF,execution_networks__network_is_extra_item_owner,array(boolean),,,,,,,,,,,,No Backfill - Low Usage
DIFF,execution_networks__network_is_vod_programmer,array(boolean),,,,,,,,,,,,No Backfill - Low Usage
DIFF,execution_networks__count_imp_as_booked,array(boolean),,,,,,,,,,,,No Backfill - Low Usage
DIFF,execution_networks__deal_awareability,array(boolean),,,,,,,,,,,,No Backfill - Low Usage
DIFF,execution_networks__demand_dim_awareability,array(boolean),,,,,,,,,,,,No Backfill - Low Usage
DIFF,execution_networks__carriage_inventory_owner_id,array(bigint),,,,,,,,,,,,No Backfill - Low Usage
DIFF,execution_networks__carriage_listing_split_unit_id,array(bigint),,,,,,,,,,,,No Backfill - Low Usage
DIFF,execution_networks__eligible_carriage_listing_split_unit_ids,array(array(bigint)),,,,,,,,,,,,No Backfill - Low Usage
DIFF,execution_networks__ad_priority_bucket,array(varchar),,,,,,,,,,,,No Backfill - Low Usage
MATCHED,execution_networks__supply_source,array(integer),execution_networks__supply_source,array(integer),,,,,,,,,,
DIFF,execution_networks__supply_source_type,array(varchar),,,,,,,,,,,,No Backfill - Low Usage
DIFF,execution_networks__sales_channel,array(integer),,,,,,,,,,,,No Backfill - Low Usage
DIFF,execution_networks__programmatic_exchange_rate_to_usd,array(double),,,,,,,,,,,,No Backfill - Low Usage
DIFF,execution_networks__programmatic_exchange_rate_to_eur,array(double),,,,,,,,,,,,No Backfill - Low Usage
DIFF,execution_networks__bidder_seat_id,array(bigint),,,,,,,,,,,,No Backfill - Low Usage
DIFF,execution_networks__global_currency_id,array(bigint),,,,,,,,,,,,No Backfill - Low Usage
DIFF,execution_networks__floor_price,array(double),,,,,,,,,,,,No Backfill - Low Usage
DIFF,execution_networks__ad_unit_default_duration,array(integer),,,,,,,,,,,,No Backfill - Low Usage
DIFF,execution_networks__ad_filling_status,array(varchar),,,,,,,,,,,,No Backfill - Low Usage
DIFF,execution_networks__ad_filling_status__available_duration,array(integer),,,,,,,,,,,,No Backfill - Low Usage
DIFF,execution_networks__ad_filling_status__filled_ad_num,array(integer),,,,,,,,,,,,No Backfill - Low Usage
DIFF,execution_networks__ad_filling_status__filled_duration,array(integer),,,,,,,,,,,,No Backfill - Low Usage
DIFF,execution_networks__ad_filling_status__unified_unfilled_opp,array(integer),,,,,,,,,,,,No Backfill - Low Usage
DIFF,execution_networks__ad_filling_status__default_unfilled_opp,array(integer),,,,,,,,,,,,No Backfill - Low Usage
DIFF,execution_networks__ad_filling_status__initial_filled_ad_num,array(integer),,,,,,,,,,,,No Backfill - Low Usage
DIFF,execution_networks__ad_filling_status__initial_filled_duration,array(integer),,,,,,,,,,,,No Backfill - Low Usage
DIFF,execution_networks__priority_tier,array(varchar),,,,,,,,,,,,No Backfill - Low Usage
DIFF,execution_networks__priority_value,array(integer),,,,,,,,,,,,No Backfill - Low Usage
DIFF,execution_networks__priority_type,array(varchar),,,,,,,,,,,,No Backfill - Low Usage
DIFF,execution_networks__supply_acquisition_cost,array(double),,,,,,,,,,,,No Backfill - Low Usage
DIFF,execution_networks__supply_distribution_cost,array(double),,,,,,,,,,,,No Backfill - Low Usage
DIFF,execution_networks__internal_deal_ids,array(array(bigint)),,,,,,,,,,,,No Backfill - Low Usage
DIFF,execution_networks__inbound_order_ids,array(array(bigint)),,,,,,,,,,,,No Backfill - Low Usage
DIFF,execution_networks__inbound_listing_ids,array(array(bigint)),,,,,,,,,,,,No Backfill - Low Usage
DIFF,execution_networks__buyer_ids,array(array(bigint)),,,,,,,,,,,,No Backfill - Low Usage
DIFF,execution_networks__internal_seat_ids,array(array(bigint)),,,,,,,,,,,,No Backfill - Low Usage
DIFF,execution_networks__outbound_order_ids,array(array(bigint)),,,,,,,,,,,,No Backfill - Low Usage
DIFF,execution_networks__outbound_exchange_order_ids,array(array(bigint)),,,,,,,,,,,,No Backfill - Low Usage
DIFF,execution_networks__matched_yield_optimization_ids,array(array(bigint)),,,,,,,,,,,,No Backfill - Low Usage
DIFF,execution_networks__selected_yield_optimization_ids,array(array(bigint)),,,,,,,,,,,,No Backfill - Low Usage
DIFF,execution_networks__selected_yield_optimization_info_ids,array(array(array(bigint))),,,,,,,,,,,,No Backfill - Low Usage
DIFF,execution_networks__matched_inventory_package_ids,array(array(bigint)),,,,,,,,,,,,No Backfill - Low Usage
MATCHED,execution_networks__inventory_package_ids,array(array(bigint)),execution_networks__inventory_package_ids,array(array(bigint)),0.69,,,,,,,,,
DIFF,execution_networks__matched_audience_item_ids,array(array(bigint)),,,,,,,,,,,,No Backfill - Low Usage
DIFF,execution_networks__matched_key_value_ids,array(array(bigint)),,,,,,,,,,,,No Backfill - Low Usage
DIFF,execution_networks__matched_daypart,array(boolean),,,,,,,,,,,,No Backfill - Low Usage
MATCHED,execution_networks__network_selection_info,array(varchar),execution_networks__network_selection_info,array(varchar),,,,,,,,,,
MATCHED,execution_networks__network_selection_info__candidate_ad_funnel_metrics,array(array(varchar)),execution_networks__network_selection_info__candidate_ad_funnel_metrics,array(array(varchar)),,,,,,,,,,
MATCHED,execution_networks__network_selection_info__candidate_ad_funnel_metrics__ad_targeting_metrics,array(array(varchar)),execution_networks__network_selection_info__candidate_ad_funnel_metrics__ad_targeting_metrics,array(array(varchar)),,,,,,,,,,
MATCHED,execution_networks__network_selection_info__candidate_ad_funnel_metrics__ad_targeting_metrics__input_ad_number,array(array(integer)),execution_networks__network_selection_info__candidate_ad_funnel_metrics__ad_targeting_metrics__input_ad_number,array(array(integer)),0.04,,,,,,,,,
MATCHED,execution_networks__network_selection_info__candidate_ad_funnel_metrics__ad_targeting_metrics__output_ad_number,array(array(integer)),execution_networks__network_selection_info__candidate_ad_funnel_metrics__ad_targeting_metrics__output_ad_number,array(array(integer)),0.04,,,,,,,,,
MATCHED,execution_networks__network_selection_info__candidate_ad_funnel_metrics__ad_targeting_metrics__data_privacy,array(array(integer)),execution_networks__network_selection_info__candidate_ad_funnel_metrics__ad_targeting_metrics__data_privacy,array(array(integer)),,,,,,,,,,
MATCHED,execution_networks__network_selection_info__candidate_ad_funnel_metrics__ad_targeting_metrics__restriction,array(array(integer)),execution_networks__network_selection_info__candidate_ad_funnel_metrics__ad_targeting_metrics__restriction,array(array(integer)),0.03,,,,,,,,,
MATCHED,execution_networks__network_selection_info__candidate_ad_funnel_metrics__ad_targeting_metrics__unmapped,array(array(integer)),execution_networks__network_selection_info__candidate_ad_funnel_metrics__ad_targeting_metrics__unmapped,array(array(integer)),,,,,,,,,,
MATCHED,execution_networks__network_selection_info__candidate_ad_funnel_metrics__ad_targeting_metrics__undefined,array(array(integer)),execution_networks__network_selection_info__candidate_ad_funnel_metrics__ad_targeting_metrics__undefined,array(array(integer)),,,,,,,,,,
MATCHED,execution_networks__network_selection_info__candidate_ad_funnel_metrics__ad_filtering_metrics,array(array(varchar)),execution_networks__network_selection_info__candidate_ad_funnel_metrics__ad_filtering_metrics,array(array(varchar)),,,,,,,,,,
MATCHED,execution_networks__network_selection_info__candidate_ad_funnel_metrics__ad_filtering_metrics__input_ad_number,array(array(integer)),execution_networks__network_selection_info__candidate_ad_funnel_metrics__ad_filtering_metrics__input_ad_number,array(array(integer)),0.05,,,,,,,,,
MATCHED,execution_networks__network_selection_info__candidate_ad_funnel_metrics__ad_filtering_metrics__output_ad_number,array(array(integer)),execution_networks__network_selection_info__candidate_ad_funnel_metrics__ad_filtering_metrics__output_ad_number,array(array(integer)),0.03,,,,,,,,,
MATCHED,execution_networks__network_selection_info__candidate_ad_funnel_metrics__ad_filtering_metrics__no_ad_domain,array(array(integer)),execution_networks__network_selection_info__candidate_ad_funnel_metrics__ad_filtering_metrics__no_ad_domain,array(array(integer)),,,,,,,,,,
MATCHED,execution_networks__network_selection_info__candidate_ad_funnel_metrics__ad_filtering_metrics__no_slot_assigned_through_mrm_rule,array(array(integer)),execution_networks__network_selection_info__candidate_ad_funnel_metrics__ad_filtering_metrics__no_slot_assigned_through_mrm_rule,array(array(integer)),,,,,,,,,,
MATCHED,execution_networks__network_selection_info__candidate_ad_funnel_metrics__ad_filtering_metrics__frequency_cap,array(array(integer)),execution_networks__network_selection_info__candidate_ad_funnel_metrics__ad_filtering_metrics__frequency_cap,array(array(integer)),0.03,,,,,,,,,
MATCHED,execution_networks__network_selection_info__candidate_ad_funnel_metrics__ad_filtering_metrics__cpx_check_failed,array(array(integer)),execution_networks__network_selection_info__candidate_ad_funnel_metrics__ad_filtering_metrics__cpx_check_failed,array(array(integer)),0.03,,,,,,,,,
MATCHED,execution_networks__network_selection_info__candidate_ad_funnel_metrics__ad_filtering_metrics__met_schedule,array(array(integer)),execution_networks__network_selection_info__candidate_ad_funnel_metrics__ad_filtering_metrics__met_schedule,array(array(integer)),0.04,,,,,,,,,
MATCHED,execution_networks__network_selection_info__candidate_ad_funnel_metrics__ad_filtering_metrics__rbp_check_failed,array(array(integer)),execution_networks__network_selection_info__candidate_ad_funnel_metrics__ad_filtering_metrics__rbp_check_failed,array(array(integer)),0.03,,,,,,,,,
MATCHED,execution_networks__network_selection_info__candidate_ad_funnel_metrics__ad_filtering_metrics__no_applicable_slot,array(array(integer)),execution_networks__network_selection_info__candidate_ad_funnel_metrics__ad_filtering_metrics__no_applicable_slot,array(array(integer)),0.03,,,,,,,,,
MATCHED,execution_networks__network_selection_info__candidate_ad_funnel_metrics__ad_filtering_metrics__sponsorship_check_failed,array(array(integer)),execution_networks__network_selection_info__candidate_ad_funnel_metrics__ad_filtering_metrics__sponsorship_check_failed,array(array(integer)),0.03,,,,,,,,,
MATCHED,execution_networks__network_selection_info__candidate_ad_funnel_metrics__ad_filtering_metrics__exclusivity_check_failed,array(array(integer)),execution_networks__network_selection_info__candidate_ad_funnel_metrics__ad_filtering_metrics__exclusivity_check_failed,array(array(integer)),,,,,,,,,,
MATCHED,execution_networks__network_selection_info__candidate_ad_funnel_metrics__ad_filtering_metrics__no_applicable_slot_user_experience,array(array(integer)),execution_networks__network_selection_info__candidate_ad_funnel_metrics__ad_filtering_metrics__no_applicable_slot_user_experience,array(array(integer)),,,,,,,,,,
MATCHED,execution_networks__network_selection_info__candidate_ad_funnel_metrics__ad_filtering_metrics__no_applicable_slot_no_external_rule,array(array(integer)),execution_networks__network_selection_info__candidate_ad_funnel_metrics__ad_filtering_metrics__no_applicable_slot_no_external_rule,array(array(integer)),,,,,,,,,,
MATCHED,execution_networks__network_selection_info__candidate_ad_funnel_metrics__ad_filtering_metrics__no_applicable_slot_not_resellable,array(array(integer)),execution_networks__network_selection_info__candidate_ad_funnel_metrics__ad_filtering_metrics__no_applicable_slot_not_resellable,array(array(integer)),,,,,,,,,,
MATCHED,execution_networks__network_selection_info__candidate_ad_funnel_metrics__ad_filtering_metrics__no_applicable_slot_promo_only,array(array(integer)),execution_networks__network_selection_info__candidate_ad_funnel_metrics__ad_filtering_metrics__no_applicable_slot_promo_only,array(array(integer)),,,,,,,,,,
MATCHED,execution_networks__network_selection_info__candidate_ad_funnel_metrics__ad_filtering_metrics__no_applicable_slot_not_compatible,array(array(integer)),execution_networks__network_selection_info__candidate_ad_funnel_metrics__ad_filtering_metrics__no_applicable_slot_not_compatible,array(array(integer)),,,,,,,,,,
MATCHED,execution_networks__network_selection_info__candidate_ad_funnel_metrics__ad_filtering_metrics__met_budget,array(array(integer)),execution_networks__network_selection_info__candidate_ad_funnel_metrics__ad_filtering_metrics__met_budget,array(array(integer)),0.03,,,,,,,,,
MATCHED,execution_networks__network_selection_info__candidate_ad_funnel_metrics__ad_filtering_metrics__met_yield_optimization,array(array(integer)),execution_networks__network_selection_info__candidate_ad_funnel_metrics__ad_filtering_metrics__met_yield_optimization,array(array(integer)),0.03,,,,,,,,,
MATCHED,execution_networks__network_selection_info__candidate_ad_funnel_metrics__ad_filtering_metrics__unmapped,array(array(integer)),execution_networks__network_selection_info__candidate_ad_funnel_metrics__ad_filtering_metrics__unmapped,array(array(integer)),,,,,,,,,,
MATCHED,execution_networks__network_selection_info__candidate_ad_funnel_metrics__ad_filtering_metrics__undefined,array(array(integer)),execution_networks__network_selection_info__candidate_ad_funnel_metrics__ad_filtering_metrics__undefined,array(array(integer)),,,,,,,,,,
DIFF,execution_networks__network_selection_info__candidate_ad_funnel_metrics__ad_filtering_metrics__ad_truncation,array(array(integer)),,,0.03,,,,,,,,,No Backfill - Low Usage
MATCHED,execution_networks__network_selection_info__candidate_ad_funnel_metrics__ad_creative_checking_metrics,array(array(varchar)),execution_networks__network_selection_info__candidate_ad_funnel_metrics__ad_creative_checking_metrics,array(array(varchar)),,,,,,,,,,
MATCHED,execution_networks__network_selection_info__candidate_ad_funnel_metrics__ad_creative_checking_metrics__input_ad_number,array(array(integer)),execution_networks__network_selection_info__candidate_ad_funnel_metrics__ad_creative_checking_metrics__input_ad_number,array(array(integer)),0.03,,,,,,,,,
MATCHED,execution_networks__network_selection_info__candidate_ad_funnel_metrics__ad_creative_checking_metrics__output_ad_number,array(array(integer)),execution_networks__network_selection_info__candidate_ad_funnel_metrics__ad_creative_checking_metrics__output_ad_number,array(array(integer)),0.03,,,,,,,,,
MATCHED,execution_networks__network_selection_info__candidate_ad_funnel_metrics__ad_creative_checking_metrics__frequency_cap,array(array(integer)),execution_networks__network_selection_info__candidate_ad_funnel_metrics__ad_creative_checking_metrics__frequency_cap,array(array(integer)),0.03,,,,,,,,,
MATCHED,execution_networks__network_selection_info__candidate_ad_funnel_metrics__ad_creative_checking_metrics__no_applicable_slot,array(array(integer)),execution_networks__network_selection_info__candidate_ad_funnel_metrics__ad_creative_checking_metrics__no_applicable_slot,array(array(integer)),0.03,,,,,,,,,
MATCHED,execution_networks__network_selection_info__candidate_ad_funnel_metrics__ad_creative_checking_metrics__compliance_check_failed,array(array(integer)),execution_networks__network_selection_info__candidate_ad_funnel_metrics__ad_creative_checking_metrics__compliance_check_failed,array(array(integer)),0.03,,,,,,,,,
MATCHED,execution_networks__network_selection_info__candidate_ad_funnel_metrics__ad_creative_checking_metrics__no_creative,array(array(integer)),execution_networks__network_selection_info__candidate_ad_funnel_metrics__ad_creative_checking_metrics__no_creative,array(array(integer)),0.03,,,,,,,,,
MATCHED,execution_networks__network_selection_info__candidate_ad_funnel_metrics__ad_creative_checking_metrics__no_suitable_rule_path,array(array(integer)),execution_networks__network_selection_info__candidate_ad_funnel_metrics__ad_creative_checking_metrics__no_suitable_rule_path,array(array(integer)),0.03,,,,,,,,,
MATCHED,execution_networks__network_selection_info__candidate_ad_funnel_metrics__ad_creative_checking_metrics__profile_check_failed,array(array(integer)),execution_networks__network_selection_info__candidate_ad_funnel_metrics__ad_creative_checking_metrics__profile_check_failed,array(array(integer)),,,,,,,,,,
MATCHED,execution_networks__network_selection_info__candidate_ad_funnel_metrics__ad_creative_checking_metrics__floor_price_not_met,array(array(integer)),execution_networks__network_selection_info__candidate_ad_funnel_metrics__ad_creative_checking_metrics__floor_price_not_met,array(array(integer)),0.03,,,,,,,,,
MATCHED,execution_networks__network_selection_info__candidate_ad_funnel_metrics__ad_creative_checking_metrics__restriction,array(array(integer)),execution_networks__network_selection_info__candidate_ad_funnel_metrics__ad_creative_checking_metrics__restriction,array(array(integer)),0.03,,,,,,,,,
MATCHED,execution_networks__network_selection_info__candidate_ad_funnel_metrics__ad_creative_checking_metrics__exclusivity,array(array(integer)),execution_networks__network_selection_info__candidate_ad_funnel_metrics__ad_creative_checking_metrics__exclusivity,array(array(integer)),0.03,,,,,,,,,
MATCHED,execution_networks__network_selection_info__candidate_ad_funnel_metrics__ad_creative_checking_metrics__pg_deal_bid_throttling,array(array(integer)),execution_networks__network_selection_info__candidate_ad_funnel_metrics__ad_creative_checking_metrics__pg_deal_bid_throttling,array(array(integer)),0.03,,,,,,,,,
MATCHED,execution_networks__network_selection_info__candidate_ad_funnel_metrics__ad_creative_checking_metrics__auction_max_ad_duration,array(array(integer)),execution_networks__network_selection_info__candidate_ad_funnel_metrics__ad_creative_checking_metrics__auction_max_ad_duration,array(array(integer)),0.03,,,,,,,,,
MATCHED,execution_networks__network_selection_info__candidate_ad_funnel_metrics__ad_creative_checking_metrics__reseller_restriction,array(array(integer)),execution_networks__network_selection_info__candidate_ad_funnel_metrics__ad_creative_checking_metrics__reseller_restriction,array(array(integer)),,,,,,,,,,
MATCHED,execution_networks__network_selection_info__candidate_ad_funnel_metrics__ad_creative_checking_metrics__market_ad_not_approved,array(array(integer)),execution_networks__network_selection_info__candidate_ad_funnel_metrics__ad_creative_checking_metrics__market_ad_not_approved,array(array(integer)),0.03,,,,,,,,,
MATCHED,execution_networks__network_selection_info__candidate_ad_funnel_metrics__ad_creative_checking_metrics__listing_creative_duration_check_failed,array(array(integer)),execution_networks__network_selection_info__candidate_ad_funnel_metrics__ad_creative_checking_metrics__listing_creative_duration_check_failed,array(array(integer)),0.03,,,,,,,,,
MATCHED,execution_networks__network_selection_info__candidate_ad_funnel_metrics__ad_creative_checking_metrics__no_creative_ad_asset_store_availability,array(array(integer)),execution_networks__network_selection_info__candidate_ad_funnel_metrics__ad_creative_checking_metrics__no_creative_ad_asset_store_availability,array(array(integer)),,,,,,,,,,
MATCHED,execution_networks__network_selection_info__candidate_ad_funnel_metrics__ad_creative_checking_metrics__no_creative_bitrate_check_failed,array(array(integer)),execution_networks__network_selection_info__candidate_ad_funnel_metrics__ad_creative_checking_metrics__no_creative_bitrate_check_failed,array(array(integer)),,,,,,,,,,
MATCHED,execution_networks__network_selection_info__candidate_ad_funnel_metrics__ad_creative_checking_metrics__no_creative_creative_targeting_check_failed,array(array(integer)),execution_networks__network_selection_info__candidate_ad_funnel_metrics__ad_creative_checking_metrics__no_creative_creative_targeting_check_failed,array(array(integer)),,,,,,,,,,
MATCHED,execution_networks__network_selection_info__candidate_ad_funnel_metrics__ad_creative_checking_metrics__no_creative_date_range_check_failed,array(array(integer)),execution_networks__network_selection_info__candidate_ad_funnel_metrics__ad_creative_checking_metrics__no_creative_date_range_check_failed,array(array(integer)),,,,,,,,,,
MATCHED,execution_networks__network_selection_info__candidate_ad_funnel_metrics__ad_creative_checking_metrics__no_creative_slot_max_ad_duration_check_failed,array(array(integer)),execution_networks__network_selection_info__candidate_ad_funnel_metrics__ad_creative_checking_metrics__no_creative_slot_max_ad_duration_check_failed,array(array(integer)),,,,,,,,,,
MATCHED,execution_networks__network_selection_info__candidate_ad_funnel_metrics__ad_creative_checking_metrics__no_creative_slot_compatible_dimension_check_failed,array(array(integer)),execution_networks__network_selection_info__candidate_ad_funnel_metrics__ad_creative_checking_metrics__no_creative_slot_compatible_dimension_check_failed,array(array(integer)),,,,,,,,,,
MATCHED,execution_networks__network_selection_info__candidate_ad_funnel_metrics__ad_creative_checking_metrics__inventory_source_restriction,array(array(integer)),execution_networks__network_selection_info__candidate_ad_funnel_metrics__ad_creative_checking_metrics__inventory_source_restriction,array(array(integer)),0.03,,,,,,,,,
MATCHED,execution_networks__network_selection_info__candidate_ad_funnel_metrics__ad_creative_checking_metrics__no_applicable_slot_not_compatible,array(array(integer)),execution_networks__network_selection_info__candidate_ad_funnel_metrics__ad_creative_checking_metrics__no_applicable_slot_not_compatible,array(array(integer)),,,,,,,,,,
MATCHED,execution_networks__network_selection_info__candidate_ad_funnel_metrics__ad_creative_checking_metrics__no_applicable_slot_excluded_by_sponsor,array(array(integer)),execution_networks__network_selection_info__candidate_ad_funnel_metrics__ad_creative_checking_metrics__no_applicable_slot_excluded_by_sponsor,array(array(integer)),,,,,,,,,,
MATCHED,execution_networks__network_selection_info__candidate_ad_funnel_metrics__ad_creative_checking_metrics__met_yield_optimization,array(array(integer)),execution_networks__network_selection_info__candidate_ad_funnel_metrics__ad_creative_checking_metrics__met_yield_optimization,array(array(integer)),0.03,,,,,,,,,
MATCHED,execution_networks__network_selection_info__candidate_ad_funnel_metrics__ad_creative_checking_metrics__mpe_listing_restriction,array(array(integer)),execution_networks__network_selection_info__candidate_ad_funnel_metrics__ad_creative_checking_metrics__mpe_listing_restriction,array(array(integer)),0.03,,,,,,,,,
MATCHED,execution_networks__network_selection_info__candidate_ad_funnel_metrics__ad_creative_checking_metrics__unmapped,array(array(integer)),execution_networks__network_selection_info__candidate_ad_funnel_metrics__ad_creative_checking_metrics__unmapped,array(array(integer)),,,,,,,,,,
MATCHED,execution_networks__network_selection_info__candidate_ad_funnel_metrics__ad_creative_checking_metrics__undefined,array(array(integer)),execution_networks__network_selection_info__candidate_ad_funnel_metrics__ad_creative_checking_metrics__undefined,array(array(integer)),,,,,,,,,,
MATCHED,execution_networks__network_selection_info__candidate_ad_funnel_metrics__ad_creative_checking_metrics__inbound_order_competition_failure,array(array(integer)),execution_networks__network_selection_info__candidate_ad_funnel_metrics__ad_creative_checking_metrics__inbound_order_competition_failure,array(array(integer)),0.03,,,,,,,,,
MATCHED,execution_networks__network_selection_info__candidate_ad_funnel_metrics__ad_creative_checking_metrics__competition_failure_in_pick_many,array(array(integer)),execution_networks__network_selection_info__candidate_ad_funnel_metrics__ad_creative_checking_metrics__competition_failure_in_pick_many,array(array(integer)),0.03,,,,,,,,,
MATCHED,execution_networks__network_selection_info__candidate_ad_funnel_metrics__ad_filling_metrics,array(array(varchar)),execution_networks__network_selection_info__candidate_ad_funnel_metrics__ad_filling_metrics,array(array(varchar)),,,,,,,,,,
MATCHED,execution_networks__network_selection_info__candidate_ad_funnel_metrics__ad_filling_metrics__input_ad_number,array(array(integer)),execution_networks__network_selection_info__candidate_ad_funnel_metrics__ad_filling_metrics__input_ad_number,array(array(integer)),0.03,,,,,,,,,
MATCHED,execution_networks__network_selection_info__candidate_ad_funnel_metrics__ad_filling_metrics__output_ad_number,array(array(integer)),execution_networks__network_selection_info__candidate_ad_funnel_metrics__ad_filling_metrics__output_ad_number,array(array(integer)),0.03,,,,,,,,,
MATCHED,execution_networks__network_selection_info__candidate_ad_funnel_metrics__ad_filling_metrics__slot_max_num_ads,array(array(integer)),execution_networks__network_selection_info__candidate_ad_funnel_metrics__ad_filling_metrics__slot_max_num_ads,array(array(integer)),,,,,,,,,,
MATCHED,execution_networks__network_selection_info__candidate_ad_funnel_metrics__ad_filling_metrics__slot_max_duration,array(array(integer)),execution_networks__network_selection_info__candidate_ad_funnel_metrics__ad_filling_metrics__slot_max_duration,array(array(integer)),,,,,,,,,,
MATCHED,execution_networks__network_selection_info__candidate_ad_funnel_metrics__ad_filling_metrics__time_based_freq_cap,array(array(integer)),execution_networks__network_selection_info__candidate_ad_funnel_metrics__ad_filling_metrics__time_based_freq_cap,array(array(integer)),0.03,,,,,,,,,
MATCHED,execution_networks__network_selection_info__candidate_ad_funnel_metrics__ad_filling_metrics__no_creative,array(array(integer)),execution_networks__network_selection_info__candidate_ad_funnel_metrics__ad_filling_metrics__no_creative,array(array(integer)),,,,,,,,,,
MATCHED,execution_networks__network_selection_info__candidate_ad_funnel_metrics__ad_filling_metrics__companion_check_failed,array(array(integer)),execution_networks__network_selection_info__candidate_ad_funnel_metrics__ad_filling_metrics__companion_check_failed,array(array(integer)),0.03,,,,,,,,,
MATCHED,execution_networks__network_selection_info__candidate_ad_funnel_metrics__ad_filling_metrics__pod_position_targeting_check_failed,array(array(integer)),execution_networks__network_selection_info__candidate_ad_funnel_metrics__ad_filling_metrics__pod_position_targeting_check_failed,array(array(integer)),,,,,,,,,,
MATCHED,execution_networks__network_selection_info__candidate_ad_funnel_metrics__ad_filling_metrics__slot_exclusivity_check_failed,array(array(integer)),execution_networks__network_selection_info__candidate_ad_funnel_metrics__ad_filling_metrics__slot_exclusivity_check_failed,array(array(integer)),,,,,,,,,,
MATCHED,execution_networks__network_selection_info__candidate_ad_funnel_metrics__ad_filling_metrics__slot_sponsorship_check_failed,array(array(integer)),execution_networks__network_selection_info__candidate_ad_funnel_metrics__ad_filling_metrics__slot_sponsorship_check_failed,array(array(integer)),,,,,,,,,,
MATCHED,execution_networks__network_selection_info__candidate_ad_funnel_metrics__ad_filling_metrics__slot_filled_by_multi_ad,array(array(integer)),execution_networks__network_selection_info__candidate_ad_funnel_metrics__ad_filling_metrics__slot_filled_by_multi_ad,array(array(integer)),,,,,,,,,,
MATCHED,execution_networks__network_selection_info__candidate_ad_funnel_metrics__ad_filling_metrics__output_fallback_ad_number,array(array(integer)),execution_networks__network_selection_info__candidate_ad_funnel_metrics__ad_filling_metrics__output_fallback_ad_number,array(array(integer)),0.03,,,,,,,,,
MATCHED,execution_networks__network_selection_info__candidate_ad_funnel_metrics__ad_filling_metrics__slot_not_found,array(array(integer)),execution_networks__network_selection_info__candidate_ad_funnel_metrics__ad_filling_metrics__slot_not_found,array(array(integer)),,,,,,,,,,
MATCHED,execution_networks__network_selection_info__candidate_ad_funnel_metrics__ad_filling_metrics__do_not_repeat,array(array(integer)),execution_networks__network_selection_info__candidate_ad_funnel_metrics__ad_filling_metrics__do_not_repeat,array(array(integer)),,,,,,,,,,
MATCHED,execution_networks__network_selection_info__candidate_ad_funnel_metrics__ad_filling_metrics__unmapped,array(array(integer)),execution_networks__network_selection_info__candidate_ad_funnel_metrics__ad_filling_metrics__unmapped,array(array(integer)),0.03,,,,,,,,,
MATCHED,execution_networks__network_selection_info__candidate_ad_funnel_metrics__ad_filling_metrics__undefined,array(array(integer)),execution_networks__network_selection_info__candidate_ad_funnel_metrics__ad_filling_metrics__undefined,array(array(integer)),,,,,,,,,,
MATCHED,execution_networks__network_selection_info__candidate_ad_funnel_metrics__network_id,array(array(bigint)),execution_networks__network_selection_info__candidate_ad_funnel_metrics__network_id,array(array(bigint)),0.05,,,,,,,,,
MATCHED,execution_networks__network_selection_info__candidate_ad_funnel_metrics__demand_type,array(array(integer)),execution_networks__network_selection_info__candidate_ad_funnel_metrics__demand_type,array(array(integer)),0.04,,,,,,,,,
MATCHED,execution_networks__network_selection_info__candidate_ad_funnel_metrics__order_id,array(array(bigint)),execution_networks__network_selection_info__candidate_ad_funnel_metrics__order_id,array(array(bigint)),0.04,,,,,,,,,
MATCHED,execution_networks__network_selection_info__candidate_ad_funnel_metrics__listing_ids,array(array(array(bigint))),execution_networks__network_selection_info__candidate_ad_funnel_metrics__listing_ids,array(array(array(bigint))),0.03,,,,,,,,,
MATCHED,execution_networks__network_selection_info__candidate_ad_funnel_metrics__phase_metrics,array(array(array(varchar))),execution_networks__network_selection_info__candidate_ad_funnel_metrics__phase_metrics,array(array(array(varchar))),,,,,,,,,,
MATCHED,execution_networks__network_selection_info__candidate_ad_funnel_metrics__phase_metrics__phase,array(array(array(bigint))),execution_networks__network_selection_info__candidate_ad_funnel_metrics__phase_metrics__phase,array(array(array(bigint))),0.07,,,,,,,,,
MATCHED,execution_networks__network_selection_info__candidate_ad_funnel_metrics__phase_metrics__name,array(array(array(varchar))),execution_networks__network_selection_info__candidate_ad_funnel_metrics__phase_metrics__name,array(array(array(varchar))),0.08,,,,,,,,,
MATCHED - TYPE DIFF,execution_networks__network_selection_info__candidate_ad_funnel_metrics__phase_metrics__value,array(array(array(bigint))),execution_networks__network_selection_info__candidate_ad_funnel_metrics__phase_metrics__value,array(array(array(integer))),0.11,,,,,,,,,
DIFF,execution_networks__inventory_distribution_contexts,array(array(varchar)),,,,,,,,,,,,No Backfill - Low Usage
DIFF,execution_networks__inventory_distribution_contexts__carriage_inventory_owner_id,array(array(bigint)),,,,,,,,,,,,No Backfill - Low Usage
DIFF,execution_networks__inventory_distribution_contexts__carriage_listing_split_unit_id,array(array(bigint)),,,,,,,,,,,,No Backfill - Low Usage
MATCHED,execution_networks__mapped_asset_ids,array(array(bigint)),execution_networks__mapped_asset_ids,array(array(bigint)),,,,,,,,,,
MATCHED,execution_networks__mapped_site_section_ids,array(array(bigint)),execution_networks__mapped_site_section_ids,array(array(bigint)),,,,,,,,,,
DIFF,execution_networks__selected_yo_volume_cap_ids,array(array(bigint)),,,,,,,,,,,,No Backfill - Low Usage
DIFF,execution_networks__selected_yo_distribution_id,array(bigint),,,,,,,,,,,,No Backfill - Low Usage
DIFF,execution_networks__selected_yo_distribution_nip_id,array(bigint),,,,,,,,,,,,No Backfill - Low Usage
DIFF,execution_networks__selected_yo_inventory_prioritization_id,array(bigint),,,,,,,,,,,,No Backfill - Low Usage
DIFF,execution_networks__selected_yo_inventory_prioritization_nip_id,array(bigint),,,,,,,,,,,,No Backfill - Low Usage
DIFF,execution_networks__selected_yo_margin_id,array(bigint),,,,,,,,,,,,No Backfill - Low Usage
DIFF,execution_networks__audience_segment_max_cpm,array(double),,,,,,,,,,,,No Backfill - Low Usage
DIFF,execution_networks__audience_partner_segment_infos,array(array(varchar)),,,,,,,,,,,,No Backfill - Low Usage
DIFF,execution_networks__audience_partner_segment_infos__audience_partner_id,array(array(bigint)),,,,,,,,,,,,No Backfill - Low Usage
DIFF,execution_networks__audience_partner_segment_infos__max_cpm,array(array(double)),,,,,,,,,,,,No Backfill - Low Usage
DIFF,execution_networks__audience_partner_segment_infos__matched_segments,array(array(array(varchar))),,,,,,,,,,,,No Backfill - Low Usage
DIFF,execution_networks__audience_partner_segment_infos__matched_segments__id,array(array(array(integer))),,,,,,,,,,,,No Backfill - Low Usage
DIFF,execution_networks__audience_partner_segment_infos__matched_segments__cpm,array(array(array(double))),,,,,,,,,,,,No Backfill - Low Usage
DIFF,execution_networks__audience_partner_segment_infos__matched_segments__flags,array(array(array(bigint))),,,,,,,,,,,,No Backfill - Low Usage
DIFF,execution_networks__supply_priority,array(integer),,,,,,,,,,,,No Backfill - Low Usage
DIFF,execution_networks__acquired_supply_type,array(integer),,,,,,,,,,,,No Backfill - Low Usage
DIFF,execution_networks__geo_visibility,array(varchar),,,,,,,,,,,,No Backfill - Low Usage
DIFF,execution_networks__geo_visibility__targetable,array(varchar),,,,,,,,,,,,No Backfill - Low Usage
DIFF,execution_networks__geo_visibility__report_aggregate,array(varchar),,,,,,,,,,,,No Backfill - Low Usage
DIFF,execution_networks__geo_visibility__report_event,array(varchar),,,,,,,,,,,,No Backfill - Low Usage
MATCHED,execution_networks__geo_country_visibility,array(varchar),execution_networks__geo_country_visibility,array(varchar),,,,,,,,,,
MATCHED,execution_networks__geo_country_visibility__targetable,array(varchar),execution_networks__geo_country_visibility__targetable,array(varchar),,,,,,,,,,
MATCHED,execution_networks__geo_country_visibility__report_aggregate,array(varchar),execution_networks__geo_country_visibility__report_aggregate,array(varchar),,,,,,,,,,
MATCHED,execution_networks__geo_country_visibility__report_event,array(varchar),execution_networks__geo_country_visibility__report_event,array(varchar),,,,,,,,,,
MATCHED,execution_networks__geo_state_visibility,array(varchar),execution_networks__geo_state_visibility,array(varchar),,,,,,,,,,
MATCHED,execution_networks__geo_state_visibility__targetable,array(varchar),execution_networks__geo_state_visibility__targetable,array(varchar),,,,,,,,,,
MATCHED,execution_networks__geo_state_visibility__report_aggregate,array(varchar),execution_networks__geo_state_visibility__report_aggregate,array(varchar),,,,,,,,,,
MATCHED,execution_networks__geo_state_visibility__report_event,array(varchar),execution_networks__geo_state_visibility__report_event,array(varchar),,,,,,,,,,
MATCHED,execution_networks__geo_city_visibility,array(varchar),execution_networks__geo_city_visibility,array(varchar),,,,,,,,,,
MATCHED,execution_networks__geo_city_visibility__targetable,array(varchar),execution_networks__geo_city_visibility__targetable,array(varchar),,,,,,,,,,
MATCHED,execution_networks__geo_city_visibility__report_aggregate,array(varchar),execution_networks__geo_city_visibility__report_aggregate,array(varchar),,,,,,,,,,
MATCHED,execution_networks__geo_city_visibility__report_event,array(varchar),execution_networks__geo_city_visibility__report_event,array(varchar),,,,,,,,,,
MATCHED,execution_networks__geo_zip_code_visibility,array(varchar),execution_networks__geo_zip_code_visibility,array(varchar),,,,,,,,,,
MATCHED,execution_networks__geo_zip_code_visibility__targetable,array(varchar),execution_networks__geo_zip_code_visibility__targetable,array(varchar),,,,,,,,,,
MATCHED,execution_networks__geo_zip_code_visibility__report_aggregate,array(varchar),execution_networks__geo_zip_code_visibility__report_aggregate,array(varchar),,,,,,,,,,
MATCHED,execution_networks__geo_zip_code_visibility__report_event,array(varchar),execution_networks__geo_zip_code_visibility__report_event,array(varchar),,,,,,,,,,
MATCHED,execution_networks__geo_dma_visibility,array(varchar),execution_networks__geo_dma_visibility,array(varchar),,,,,,,,,,
MATCHED,execution_networks__geo_dma_visibility__targetable,array(varchar),execution_networks__geo_dma_visibility__targetable,array(varchar),,,,,,,,,,
MATCHED,execution_networks__geo_dma_visibility__report_aggregate,array(varchar),execution_networks__geo_dma_visibility__report_aggregate,array(varchar),,,,,,,,,,
MATCHED,execution_networks__geo_dma_visibility__report_event,array(varchar),execution_networks__geo_dma_visibility__report_event,array(varchar),,,,,,,,,,
MATCHED,execution_networks__user_agent_visibility,array(varchar),execution_networks__user_agent_visibility,array(varchar),,,,,,,,,,
MATCHED,execution_networks__user_agent_visibility__targetable,array(varchar),execution_networks__user_agent_visibility__targetable,array(varchar),,,,,,,,,,
MATCHED,execution_networks__user_agent_visibility__report_aggregate,array(varchar),execution_networks__user_agent_visibility__report_aggregate,array(varchar),,,,,,,,,,
MATCHED,execution_networks__user_agent_visibility__report_event,array(varchar),execution_networks__user_agent_visibility__report_event,array(varchar),,,,,,,,,,
MATCHED,execution_networks__standard_endpoint_visibility,array(varchar),execution_networks__standard_endpoint_visibility,array(varchar),,,,,,,,,,
MATCHED,execution_networks__standard_endpoint_visibility__targetable,array(varchar),execution_networks__standard_endpoint_visibility__targetable,array(varchar),,,,,,,,,,
MATCHED,execution_networks__standard_endpoint_visibility__report_aggregate,array(varchar),execution_networks__standard_endpoint_visibility__report_aggregate,array(varchar),,,,,,,,,,
MATCHED,execution_networks__standard_endpoint_visibility__report_event,array(varchar),execution_networks__standard_endpoint_visibility__report_event,array(varchar),,,,,,,,,,
MATCHED,execution_networks__standard_endpoint_owner_visibility,array(varchar),execution_networks__standard_endpoint_owner_visibility,array(varchar),,,,,,,,,,
MATCHED,execution_networks__standard_endpoint_owner_visibility__targetable,array(varchar),execution_networks__standard_endpoint_owner_visibility__targetable,array(varchar),,,,,,,,,,
MATCHED,execution_networks__standard_endpoint_owner_visibility__report_aggregate,array(varchar),execution_networks__standard_endpoint_owner_visibility__report_aggregate,array(varchar),,,,,,,,,,
MATCHED,execution_networks__standard_endpoint_owner_visibility__report_event,array(varchar),execution_networks__standard_endpoint_owner_visibility__report_event,array(varchar),,,,,,,,,,
MATCHED,execution_networks__visitor_custom_id_visibility,array(varchar),execution_networks__visitor_custom_id_visibility,array(varchar),,,,,,,,,,
MATCHED,execution_networks__visitor_custom_id_visibility__targetable,array(varchar),execution_networks__visitor_custom_id_visibility__targetable,array(varchar),,,,,,,,,,
MATCHED,execution_networks__visitor_custom_id_visibility__report_aggregate,array(varchar),execution_networks__visitor_custom_id_visibility__report_aggregate,array(varchar),,,,,,,,,,
MATCHED,execution_networks__visitor_custom_id_visibility__report_event,array(varchar),execution_networks__visitor_custom_id_visibility__report_event,array(varchar),,,,,,,,,,
MATCHED,execution_networks__device_id_visibility,array(varchar),execution_networks__device_id_visibility,array(varchar),,,,,,,,,,
MATCHED,execution_networks__device_id_visibility__targetable,array(varchar),execution_networks__device_id_visibility__targetable,array(varchar),,,,,,,,,,
MATCHED,execution_networks__device_id_visibility__report_aggregate,array(varchar),execution_networks__device_id_visibility__report_aggregate,array(varchar),,,,,,,,,,
MATCHED,execution_networks__device_id_visibility__report_event,array(varchar),execution_networks__device_id_visibility__report_event,array(varchar),,,,,,,,,,
MATCHED,execution_networks__ip_visibility,array(varchar),execution_networks__ip_visibility,array(varchar),,,,,,,,,,
MATCHED,execution_networks__ip_visibility__targetable,array(varchar),execution_networks__ip_visibility__targetable,array(varchar),,,,,,,,,,
MATCHED,execution_networks__ip_visibility__report_aggregate,array(varchar),execution_networks__ip_visibility__report_aggregate,array(varchar),,,,,,,,,,
MATCHED,execution_networks__ip_visibility__report_event,array(varchar),execution_networks__ip_visibility__report_event,array(varchar),,,,,,,,,,
MATCHED,execution_networks__third_party_user_id_visibility,array(varchar),execution_networks__third_party_user_id_visibility,array(varchar),,,,,,,,,,
MATCHED,execution_networks__third_party_user_id_visibility__targetable,array(varchar),execution_networks__third_party_user_id_visibility__targetable,array(varchar),,,,,,,,,,
MATCHED,execution_networks__third_party_user_id_visibility__report_aggregate,array(varchar),execution_networks__third_party_user_id_visibility__report_aggregate,array(varchar),,,,,,,,,,
MATCHED,execution_networks__third_party_user_id_visibility__report_event,array(varchar),execution_networks__third_party_user_id_visibility__report_event,array(varchar),,,,,,,,,,
MATCHED,execution_networks__key_value_visibility,array(varchar),execution_networks__key_value_visibility,array(varchar),,,,,,,,,,
MATCHED,execution_networks__key_value_visibility__targetable,array(varchar),execution_networks__key_value_visibility__targetable,array(varchar),,,,,,,,,,
MATCHED,execution_networks__key_value_visibility__report_aggregate,array(varchar),execution_networks__key_value_visibility__report_aggregate,array(varchar),,,,,,,,,,
MATCHED,execution_networks__key_value_visibility__report_event,array(varchar),execution_networks__key_value_visibility__report_event,array(varchar),,,,,,,,,,
MATCHED,execution_networks__standard_brand_visibility,array(varchar),execution_networks__standard_brand_visibility,array(varchar),,,,,,,,,,
MATCHED,execution_networks__standard_brand_visibility__targetable,array(varchar),execution_networks__standard_brand_visibility__targetable,array(varchar),,,,,,,,,,
MATCHED,execution_networks__standard_brand_visibility__report_aggregate,array(varchar),execution_networks__standard_brand_visibility__report_aggregate,array(varchar),,,,,,,,,,
MATCHED,execution_networks__standard_brand_visibility__report_event,array(varchar),execution_networks__standard_brand_visibility__report_event,array(varchar),,,,,,,,,,
MATCHED,execution_networks__standard_genre_visibility,array(varchar),execution_networks__standard_genre_visibility,array(varchar),,,,,,,,,,
MATCHED,execution_networks__standard_genre_visibility__targetable,array(varchar),execution_networks__standard_genre_visibility__targetable,array(varchar),,,,,,,,,,
MATCHED,execution_networks__standard_genre_visibility__report_aggregate,array(varchar),execution_networks__standard_genre_visibility__report_aggregate,array(varchar),,,,,,,,,,
MATCHED,execution_networks__standard_genre_visibility__report_event,array(varchar),execution_networks__standard_genre_visibility__report_event,array(varchar),,,,,,,,,,
MATCHED,execution_networks__content_rating_visibility,array(varchar),execution_networks__content_rating_visibility,array(varchar),,,,,,,,,,
MATCHED,execution_networks__content_rating_visibility__targetable,array(varchar),execution_networks__content_rating_visibility__targetable,array(varchar),,,,,,,,,,
MATCHED,execution_networks__content_rating_visibility__report_aggregate,array(varchar),execution_networks__content_rating_visibility__report_aggregate,array(varchar),,,,,,,,,,
MATCHED,execution_networks__content_rating_visibility__report_event,array(varchar),execution_networks__content_rating_visibility__report_event,array(varchar),,,,,,,,,,
MATCHED,execution_networks__standard_programmer_visibility,array(varchar),execution_networks__standard_programmer_visibility,array(varchar),,,,,,,,,,
MATCHED,execution_networks__standard_programmer_visibility__targetable,array(varchar),execution_networks__standard_programmer_visibility__targetable,array(varchar),,,,,,,,,,
MATCHED,execution_networks__standard_programmer_visibility__report_aggregate,array(varchar),execution_networks__standard_programmer_visibility__report_aggregate,array(varchar),,,,,,,,,,
MATCHED,execution_networks__standard_programmer_visibility__report_event,array(varchar),execution_networks__standard_programmer_visibility__report_event,array(varchar),,,,,,,,,,
MATCHED,execution_networks__content_form_visibility,array(varchar),execution_networks__content_form_visibility,array(varchar),,,,,,,,,,
MATCHED,execution_networks__content_form_visibility__targetable,array(varchar),execution_networks__content_form_visibility__targetable,array(varchar),,,,,,,,,,
MATCHED,execution_networks__content_form_visibility__report_aggregate,array(varchar),execution_networks__content_form_visibility__report_aggregate,array(varchar),,,,,,,,,,
MATCHED,execution_networks__content_form_visibility__report_event,array(varchar),execution_networks__content_form_visibility__report_event,array(varchar),,,,,,,,,,
MATCHED,execution_networks__standard_language_visibility,array(varchar),execution_networks__standard_language_visibility,array(varchar),,,,,,,,,,
MATCHED,execution_networks__standard_language_visibility__targetable,array(varchar),execution_networks__standard_language_visibility__targetable,array(varchar),,,,,,,,,,
MATCHED,execution_networks__standard_language_visibility__report_aggregate,array(varchar),execution_networks__standard_language_visibility__report_aggregate,array(varchar),,,,,,,,,,
MATCHED,execution_networks__standard_language_visibility__report_event,array(varchar),execution_networks__standard_language_visibility__report_event,array(varchar),,,,,,,,,,
MATCHED,execution_networks__standard_channel_visibility,array(varchar),execution_networks__standard_channel_visibility,array(varchar),,,,,,,,,,
MATCHED,execution_networks__standard_channel_visibility__targetable,array(varchar),execution_networks__standard_channel_visibility__targetable,array(varchar),,,,,,,,,,
MATCHED,execution_networks__standard_channel_visibility__report_aggregate,array(varchar),execution_networks__standard_channel_visibility__report_aggregate,array(varchar),,,,,,,,,,
MATCHED,execution_networks__standard_channel_visibility__report_event,array(varchar),execution_networks__standard_channel_visibility__report_event,array(varchar),,,,,,,,,,
MATCHED,execution_networks__standard_content_daypart_visibility,array(varchar),execution_networks__standard_content_daypart_visibility,array(varchar),,,,,,,,,,
MATCHED,execution_networks__standard_content_daypart_visibility__targetable,array(varchar),execution_networks__standard_content_daypart_visibility__targetable,array(varchar),,,,,,,,,,
MATCHED,execution_networks__standard_content_daypart_visibility__report_aggregate,array(varchar),execution_networks__standard_content_daypart_visibility__report_aggregate,array(varchar),,,,,,,,,,
MATCHED,execution_networks__standard_content_daypart_visibility__report_event,array(varchar),execution_networks__standard_content_daypart_visibility__report_event,array(varchar),,,,,,,,,,
MATCHED,execution_networks__standard_content_series_visibility,array(varchar),execution_networks__standard_content_series_visibility,array(varchar),,,,,,,,,,
MATCHED,execution_networks__standard_content_series_visibility__targetable,array(varchar),execution_networks__standard_content_series_visibility__targetable,array(varchar),,,,,,,,,,
MATCHED,execution_networks__standard_content_series_visibility__report_aggregate,array(varchar),execution_networks__standard_content_series_visibility__report_aggregate,array(varchar),,,,,,,,,,
MATCHED,execution_networks__standard_content_series_visibility__report_event,array(varchar),execution_networks__standard_content_series_visibility__report_event,array(varchar),,,,,,,,,,
MATCHED,execution_networks__standard_content_subscription_model_visibility,array(varchar),execution_networks__standard_content_subscription_model_visibility,array(varchar),,,,,,,,,,
MATCHED,execution_networks__standard_content_subscription_model_visibility__targetable,array(varchar),execution_networks__standard_content_subscription_model_visibility__targetable,array(varchar),,,,,,,,,,
MATCHED,execution_networks__standard_content_subscription_model_visibility__report_aggregate,array(varchar),execution_networks__standard_content_subscription_model_visibility__report_aggregate,array(varchar),,,,,,,,,,
MATCHED,execution_networks__standard_content_subscription_model_visibility__report_event,array(varchar),execution_networks__standard_content_subscription_model_visibility__report_event,array(varchar),,,,,,,,,,
MATCHED,execution_networks__standard_content_credential_status_visibility,array(varchar),execution_networks__standard_content_credential_status_visibility,array(varchar),,,,,,,,,,
MATCHED,execution_networks__standard_content_credential_status_visibility__targetable,array(varchar),execution_networks__standard_content_credential_status_visibility__targetable,array(varchar),,,,,,,,,,
MATCHED,execution_networks__standard_content_credential_status_visibility__report_aggregate,array(varchar),execution_networks__standard_content_credential_status_visibility__report_aggregate,array(varchar),,,,,,,,,,
MATCHED,execution_networks__standard_content_credential_status_visibility__report_event,array(varchar),execution_networks__standard_content_credential_status_visibility__report_event,array(varchar),,,,,,,,,,
MATCHED,execution_networks__standard_content_territory_visibility,array(varchar),execution_networks__standard_content_territory_visibility,array(varchar),,,,,,,,,,
MATCHED,execution_networks__standard_content_territory_visibility__targetable,array(varchar),execution_networks__standard_content_territory_visibility__targetable,array(varchar),,,,,,,,,,
MATCHED,execution_networks__standard_content_territory_visibility__report_aggregate,array(varchar),execution_networks__standard_content_territory_visibility__report_aggregate,array(varchar),,,,,,,,,,
MATCHED,execution_networks__standard_content_territory_visibility__report_event,array(varchar),execution_networks__standard_content_territory_visibility__report_event,array(varchar),,,,,,,,,,
DIFF,process_batch_id,varchar,,,,,,,,,,,,No Backfill - Low Usage
DIFF,data_partition,varchar,,,,,,,,,,,,No Backfill - Low Usage
DIFF,,,request__errors,array(varchar),,,,,,,,,,
DIFF,,,request__errors__code,array(varchar),,,,,,,,,,
DIFF,,,request__errors__type,array(varchar),,,,,,,,,,
DIFF,,,request__errors__network_id,array(bigint),,,,,,,,,,
DIFF,,,request__errors__domain,array(varchar),,,,,,,,,,
DIFF,,,request__errors__partner,array(varchar),,,,,,,,,,
DIFF,,,request__errors__ad_id,array(bigint),,,,,,,,,,
DIFF,,,request__external_bridge_records,array(varchar),,,,,,,,,,
DIFF,,,request__external_bridge_records__slot_index,array(integer),,,,,,,,,,
DIFF,,,request__external_bridge_records__duration,array(integer),,,,,,,,,,
DIFF,,,request__external_bridge_records__flags,array(integer),,,,,,,,,,
DIFF,,,request__external_bridge_records__error,array(varchar),,,,,,,,,,
DIFF,,,request__external_bridge_records__http_status_code,array(integer),,,,,,,,,,
DIFF,,,request__context__key_value,array(varchar),,,,,,,,,,
DIFF,,,request__context__key_value__key,array(varchar),,,,,,,,,,
DIFF,,,request__context__key_value__value,array(varchar),,,,,,,,,,
DIFF,,,request__network_execution_ctx,array(varchar),,,,,,,,,,
DIFF,,,request__network_execution_ctx__supply_source_type,array(varchar),,,,,,,,,,
DIFF,,,request__network_execution_ctx__upstream_network_id,array(bigint),,,,,,,,,,
DIFF,,,request__network_execution_ctx__candidate_ad_num,array(integer),,,,,,,,,,
DIFF,,,request__network_execution_ctx__programmatic_cadidate_ad_num,array(integer),,,,,,,,,,
DIFF,,,request__network_execution_ctx__network_id,array(bigint),,,,,,,,,,
DIFF,,,request__audience_item,array(varchar),,,,,,,,,,
DIFF,,,request__audience_item__audience_item_id,array(bigint),,,,,,,,,,
DIFF,,,request__inventory_group,array(varchar),,,,,,,,,,
DIFF,,,request__inventory_group__group_id,array(array(bigint)),,,,,,,,,,
DIFF,,,request__network_execution_ctx__context_sequence,array(integer),,,,,,,,,,
DIFF,,,request__network_execution_ctx__inbound_listing_id,array(array(bigint)),,,,,,,,,,
DIFF,,,request__network_execution_ctx__inbound_order_id,array(bigint),,,,,,,,,,
DIFF,,,request__system_degradation,varchar,,,,,,,,,,
DIFF,,,request__system_degradation__level,varchar,,,,,,,,,,
DIFF,,,request__system_degradation__features,bigint,,,,,,,,,,
DIFF,,,request__bid_request__impression__index,array(integer),,,,,,,,,,
DIFF,,,idx__has_advertisement,boolean,,,,,,,,,,
DIFF,,,batch_id,varchar,,,,,,,,,,
